Date,High,Low,Close,Volume,Name,Open,% Change,Turnover
9/17/2015,2725,2640,2640,7164,NABIL,"2,640.00",0,"15,521,702.00"
9/22/2015,2601,2490,2510,6135,NABIL,"2,510.00",0,"10,537,282.00"
9/23/2015,2710,2560,2600,4063,NABIL,"2,600.00",0,"7,555,426.00"
9/24/2015,2610,2550,2575,2943,NABIL,"2,575.00",0,"17,703,328.00"
9/28/2015,2524,2425,2491,7147,NABIL,"2,491.00",0,"4,725,620.00"
9/29/2015,2550,2530,2540,1860,NABIL,"2,540.00",0,"9,859,330.00"
9/30/2015,2580,2550,2560,3841,NABIL,"2,560.00",0,"11,504,117.00"
10/1/2015,2579,2550,2550,4485,NABIL,"2,550.00",0,"9,876,182.00"
10/4/2015,2600,2570,2570,3832,NABIL,"2,570.00",0,"21,771,524.00"
10/5/2015,2519,2400,2440,8896,NABIL,"2,440.00",0,"12,351,734.00"
10/6/2015,2415,2392,2395,5150,NABIL,"2,395.00",0,"11,447,238.00"
10/7/2015,2390,2315,2350,4895,NABIL,"2,350.00",0,"20,635,604.00"
10/8/2015,2440,2300,2440,8804,NABIL,"2,440.00",0,"12,241,614.00"
10/11/2015,2480,2375,2375,5062,NABIL,"2,375.00",0,"2,992,977.00"
10/14/2015,2398,2350,2375,1262,NABIL,"2,375.00",0,"1,521,400.00"
10/15/2015,2360,2355,2360,645,NABIL,"2,360.00",0,"1,493,676.00"
10/18/2015,2358,2350,2358,635,NABIL,"2,358.00",0,"3,169,010.00"
10/19/2015,2430,2345,2400,1322,NABIL,"2,400.00",0,"471,200.00"
10/25/2015,2356,2356,2356,200,NABIL,"2,356.00",0,"5,059,207.00"
10/27/2015,2340,2280,2280,2207,NABIL,"2,280.00",0,"10,402,602.00"
10/28/2015,2270,2190,2240,4705,NABIL,"2,240.00",0,"8,448,297.00"
10/29/2015,2290,2242,2279,3741,NABIL,"2,279.00",0,"8,594,064.00"
11/1/2015,2300,2250,2275,3800,NABIL,"2,275.00",0,"5,510,138.00"
11/2/2015,2330,2290,2310,2382,NABIL,"2,310.00",0,"2,344,215.00"
11/3/2015,2289,2266,2270,1031,NABIL,"2,270.00",0,"2,276,820.00"
11/4/2015,2280,2270,2280,1000,NABIL,"2,280.00",0,"3,033,200.00"
11/5/2015,2260,2250,2250,1347,NABIL,"2,250.00",0,"3,176,274.00"
11/8/2015,2251,2225,2249,1418,NABIL,"2,249.00",0,"4,594,327.00"
11/9/2015,2320,2270,2280,2009,NABIL,"2,280.00",0,"1,965,700.00"
11/10/2015,2320,2300,2310,850,NABIL,"2,310.00",0,"2,082,325.00"
11/15/2015,2305,2275,2305,911,NABIL,"2,305.00",0,"1,433,645.00"
11/16/2015,2290,2275,2288,628,NABIL,"2,288.00",0,"3,510,748.00"
11/18/2015,2315,2300,2309,1524,NABIL,"2,309.00",0,"3,612,684.00"
11/19/2015,2300,2288,2288,1574,NABIL,"2,288.00",0,"6,275,660.00"
11/22/2015,2255,2200,2205,2830,NABIL,"2,205.00",0,"3,685,930.00"
11/23/2015,2210,2100,2210,1707,NABIL,"2,210.00",0,"7,489,420.00"
11/24/2015,2210,2170,2180,3418,NABIL,"2,180.00",0,"3,595,925.00"
11/25/2015,2160,2125,2130,1678,NABIL,"2,130.00",0,"9,021,320.00"
11/26/2015,2130,2060,2100,4339,NABIL,"2,100.00",0,"14,833,512.00"
11/29/2015,2100,2000,2020,7340,NABIL,"2,020.00",0,"7,283,728.00"
11/30/2015,2090,2046,2090,3522,NABIL,"2,090.00",0,"6,067,070.00"
12/1/2015,2220,2131,2200,2984,NABIL,"2,200.00",0,"14,007,120.00"
12/2/2015,2250,2181,2248,6332,NABIL,"2,248.00",0,"21,252,984.00"
12/3/2015,2300,2205,2300,9386,NABIL,"1,769.00",0,"4,012,631.00"
12/6/2015,1840,1799,1819,2215,NABIL,"1,819.00",0,"5,864,520.00"
12/7/2015,1950,1850,1895,3087,NABIL,"1,895.00",0,"1,257,820.00"
12/8/2015,1900,1858,1900,670,NABIL,"1,900.00",0,"4,013,371.00"
12/9/2015,1940,1910,1940,2083,NABIL,"1,940.00",0,"3,388,470.00"
12/10/2015,1940,1900,1900,1769,NABIL,"1,900.00",0,"2,352,393.00"
12/13/2015,1903,1881,1903,1240,NABIL,"1,903.00",0,"1,930,680.00"
12/14/2015,1890,1880,1890,1024,NABIL,"1,890.00",0,"3,509,035.00"
12/15/2015,1890,1860,1860,1870,NABIL,"1,860.00",0,"2,007,985.00"
12/16/2015,1865,1850,1854,1084,NABIL,"1,854.00",0,"30,968,946.00"
12/17/2015,1860,1810,1842,17060,NABIL,"1,842.00",0,"4,782,280.00"
12/20/2015,1844,1815,1830,2620,NABIL,"1,830.00",0,"6,690,015.00"
12/21/2015,1825,1800,1800,3696,NABIL,"1,800.00",0,"20,143,548.00"
12/22/2015,1841,1800,1840,11125,NABIL,"1,840.00",0,"7,777,635.00"
12/23/2015,1840,1800,1821,4272,NABIL,"1,821.00",0,"18,410,088.00"
12/24/2015,1830,1810,1815,10147,NABIL,"1,815.00",0,"11,131,483.00"
12/27/2015,1820,1800,1800,6169,NABIL,"1,800.00",0,"5,614,520.00"
12/28/2015,1820,1800,1820,3102,NABIL,"1,820.00",0,"3,829,700.00"
12/29/2015,1854,1820,1853,2077,NABIL,"1,853.00",0,"3,084,760.00"
12/31/2015,1870,1855,1860,1657,NABIL,"1,860.00",0,"3,792,720.00"
1/3/2016,1860,1825,1840,2053,NABIL,"1,840.00",0,"4,504,646.00"
1/4/2016,1850,1800,1800,2496,NABIL,"1,800.00",0,"7,944,147.00"
1/5/2016,1829,1798,1800,4394,NABIL,"1,800.00",0,"4,879,560.00"
1/6/2016,1808,1795,1795,2708,NABIL,"1,795.00",0,"4,199,850.00"
1/7/2016,1815,1800,1815,2329,NABIL,"1,815.00",0,"2,117,420.00"
1/10/2016,1825,1810,1820,1164,NABIL,"1,820.00",0,"6,732,112.00"
1/11/2016,1835,1820,1826,3689,NABIL,"1,826.00",0,"3,516,550.00"
1/12/2016,1830,1820,1830,1925,NABIL,"1,826.00",0,"3,516,550.00"
1/13/2016,1830,1814,1814,3603,NABIL,"1,830.00",0,"6,564,863.00"
1/14/2016,1860,1820,1850,5613,NABIL,"1,814.00",0,"10,338,997.00"
1/17/2016,1899,1870,1890,4290,NABIL,"1,850.00",0,"8,106,517.00"
1/18/2016,1965,1920,1920,9726,NABIL,"1,890.00",0,"18,868,334.00"
1/19/2016,1930,1880,1920,1608,NABIL,"1,920.00",0,"3,073,190.00"
1/20/2016,1935,1915,1921,3643,NABIL,"1,920.00",0,"7,004,374.00"
1/21/2016,1920,1905,1905,2078,NABIL,"1,921.00",0,"3,970,476.00"
1/24/2016,1910,1882,1895,2193,NABIL,"1,905.00",0,"4,158,222.00"
1/25/2016,1920,1900,1920,4535,NABIL,"1,895.00",0,"8,654,046.00"
1/26/2016,1904,1888,1898,3551,NABIL,"1,920.00",0,"6,736,225.00"
1/27/2016,1900,1884,1885,2929,NABIL,"1,898.00",0,"5,542,578.00"
1/28/2016,1899,1880,1890,2050,NABIL,"1,885.00",0,"3,870,528.00"
1/31/2016,1900,1880,1890,3302,NABIL,"1,890.00",0,"6,244,026.00"
2/1/2016,1923,1892,1905,3476,NABIL,"1,890.00",0,"6,644,660.00"
2/2/2016,1929,1890,1900,3778,NABIL,"1,905.00",0,"7,202,280.00"
2/3/2016,1905,1894,1900,2036,NABIL,"1,900.00",0,"3,867,380.00"
2/4/2016,1935,1905,1917,4192,NABIL,"1,900.00",0,"8,053,652.00"
2/7/2016,1970,1930,1935,4515,NABIL,"1,917.00",0,"8,802,174.00"
2/8/2016,1935,1915,1919,3886,NABIL,"1,935.00",0,"7,468,657.00"
2/11/2016,1930,1900,1912,3387,NABIL,"1,919.00",0,"6,478,655.00"
2/14/2016,1901,1890,1900,4307,NABIL,"1,912.00",0,"8,177,340.00"
2/15/2016,1900,1875,1900,2053,NABIL,"1,900.00",0,"3,871,125.00"
2/16/2016,1890,1880,1880,1449,NABIL,"1,900.00",0,"2,729,880.00"
2/17/2016,1886,1878,1886,5273,NABIL,"1,880.00",0,"9,921,710.00"
2/18/2016,1898,1887,1893,3228,NABIL,"1,886.00",0,"6,107,877.00"
2/21/2016,1925,1893,1907,4217,NABIL,"1,893.00",0,"8,037,612.00"
2/22/2016,1976,1900,1955,4212,NABIL,"1,907.00",0,"8,100,299.00"
2/23/2016,1985,1940,1950,5681,NABIL,"1,955.00",0,"11,120,212.00"
2/24/2016,1960,1915,1915,4195,NABIL,"1,950.00",0,"8,173,834.00"
2/25/2016,1925,1877,1921,4285,NABIL,"1,915.00",0,"8,201,124.00"
2/28/2016,1929,1920,1920,2725,NABIL,"1,921.00",0,"5,243,044.00"
2/29/2016,1920,1900,1906,5612,NABIL,"1,920.00",0,"10,699,130.00"
3/1/2016,1915,1900,1900,4458,NABIL,"1,906.00",0,"8,500,933.00"
3/2/2016,1907,1900,1900,7900,NABIL,"1,900.00",0,"15,024,205.00"
3/3/2016,1907,1891,1900,5331,NABIL,"1,900.00",0,"10,131,086.00"
3/6/2016,1932,1909,1909,6376,NABIL,"1,900.00",0,"12,235,877.00"
3/10/2016,1925,1890,1900,5309,NABIL,"1,909.00",0,"10,105,512.00"
3/13/2016,1905,1895,1904,6881,NABIL,"1,900.00",0,"13,083,531.00"
3/14/2016,1910,1895,1895,2691,NABIL,"1,904.00",0,"5,115,228.00"
3/15/2016,1900,1880,1890,2344,NABIL,"1,895.00",0,"4,424,250.00"
3/16/2016,1905,1885,1895,4862,NABIL,"1,890.00",0,"9,190,429.00"
3/17/2016,1909,1887,1900,4783,NABIL,"1,895.00",0,"9,069,788.00"
3/20/2016,1919,1900,1910,6955,NABIL,"1,900.00",0,"13,252,244.00"
3/21/2016,1938,1910,1919,5128,NABIL,"1,910.00",0,"9,865,397.00"
3/23/2016,1930,1918,1925,9561,NABIL,"1,919.00",0,"18,393,380.00"
3/24/2016,1986,1930,1985,19150,NABIL,"1,925.00",0,"37,601,404.00"
3/27/2016,2115,1990,2111,24872,NABIL,"1,985.00",0,"51,892,908.00"
3/28/2016,2200,2111,2120,21421,NABIL,"2,111.00",0,"45,694,476.00"
3/29/2016,2120,2069,2099,12316,NABIL,"2,120.00",0,"25,924,744.00"
3/30/2016,2110,2089,2090,9623,NABIL,"2,099.00",0,"20,151,124.00"
3/31/2016,2099,2050,2060,6321,NABIL,"2,090.00",0,"13,098,676.00"
4/3/2016,2065,2008,2044,16615,NABIL,"2,060.00",0,"33,743,680.00"
4/4/2016,2075,2044,2065,6426,NABIL,"2,044.00",0,"13,281,932.00"
4/5/2016,2110,2080,2091,9382,NABIL,"2,065.00",0,"19,635,848.00"
4/6/2016,2105,2082,2092,6587,NABIL,"2,091.00",0,"13,794,048.00"
4/10/2016,2099,2080,2090,6121,NABIL,"2,092.00",0,"12,790,743.00"
4/11/2016,2100,2075,2100,5118,NABIL,"2,090.00",0,"10,692,807.00"
4/12/2016,2115,2095,2110,12264,NABIL,"2,100.00",0,"25,869,936.00"
4/14/2016,2121,2110,2120,16535,NABIL,"2,110.00",0,"34,970,840.00"
4/17/2016,2133,2115,2119,16462,NABIL,"2,120.00",0,"34,926,160.00"
4/18/2016,2174,2120,2170,19064,NABIL,"2,119.00",0,"41,178,652.00"
4/19/2016,2234,2196,2200,20539,NABIL,"2,170.00",0,"45,364,156.00"
4/20/2016,2280,2240,2260,12612,NABIL,"2,200.00",0,"28,469,772.00"
4/21/2016,2261,2220,2241,10389,NABIL,"2,260.00",0,"23,215,922.00"
4/24/2016,2261,2235,2251,23129,NABIL,"2,241.00",0,"51,919,320.00"
4/25/2016,2260,2231,2260,12157,NABIL,"2,251.00",0,"27,314,842.00"
4/26/2016,2258,2230,2235,6028,NABIL,"2,260.00",0,"13,554,006.00"
4/27/2016,2234,2205,2232,5481,NABIL,"2,235.00",0,"12,201,815.00"
4/28/2016,2260,2236,2237,6911,NABIL,"2,232.00",0,"15,516,427.00"
5/2/2016,2303,2250,2302,13851,NABIL,"2,237.00",0,"31,761,852.00"
5/3/2016,2320,2281,2281,7205,NABIL,"2,302.00",0,"16,605,804.00"
5/4/2016,2270,2251,2260,7234,NABIL,"2,281.00",0,"16,373,351.00"
5/5/2016,2244,2200,2232,11076,NABIL,"2,260.00",0,"24,709,840.00"
5/8/2016,2295,2260,2270,17095,NABIL,"2,232.00",0,"38,769,524.00"
5/9/2016,2290,2265,2280,11426,NABIL,"2,270.00",0,"25,992,976.00"
5/10/2016,2284,2262,2269,5672,NABIL,"2,280.00",0,"12,866,703.00"
5/11/2016,2269,2241,2269,6580,NABIL,"2,269.00",0,"14,848,016.00"
5/12/2016,2265,2242,2250,4234,NABIL,"2,269.00",0,"9,538,454.00"
5/15/2016,2260,2237,2237,6561,NABIL,"2,250.00",0,"14,728,118.00"
5/16/2016,2248,2226,2227,4570,NABIL,"2,237.00",0,"10,197,911.00"
5/17/2016,2270,2195,2270,6183,NABIL,"2,227.00",0,"13,872,052.00"
5/18/2016,2270,2260,2270,7071,NABIL,"2,270.00",0,"16,026,511.00"
5/19/2016,2294,2260,2281,12779,NABIL,"2,270.00",0,"29,084,876.00"
5/22/2016,2290,2270,2273,8195,NABIL,"2,281.00",0,"18,660,900.00"
5/23/2016,2286,2275,2275,17102,NABIL,"2,273.00",0,"39,009,360.00"
5/24/2016,2315,2255,2310,22878,NABIL,"2,275.00",0,"52,697,800.00"
5/25/2016,2340,2255,2280,17473,NABIL,"2,310.00",0,"40,051,296.00"
5/26/2016,2295,2230,2271,21199,NABIL,"2,280.00",0,"47,754,552.00"
5/29/2016,2275,2251,2268,8274,NABIL,"2,271.00",0,"18,707,696.00"
5/30/2016,2260,2233,2241,5929,NABIL,"2,268.00",0,"13,352,974.00"
5/31/2016,2260,2211,2220,14443,NABIL,"2,241.00",0,"32,186,544.00"
6/1/2016,2230,2200,2220,13154,NABIL,"2,220.00",0,"29,088,212.00"
6/2/2016,2220,2190,2208,7999,NABIL,"2,220.00",0,"17,637,676.00"
6/5/2016,2205,2150,2150,9695,NABIL,"2,208.00",0,"21,155,838.00"
6/6/2016,2200,2170,2195,5723,NABIL,"2,150.00",0,"12,518,853.00"
6/7/2016,2240,2200,2235,2553,NABIL,"2,195.00",0,"5,658,496.00"
6/8/2016,2241,2225,2241,3432,NABIL,"2,235.00",0,"7,667,181.00"
6/9/2016,2241,2229,2239,6121,NABIL,"2,241.00",0,"13,678,936.00"
6/12/2016,2360,2200,2341,10137,NABIL,"2,239.00",0,"23,242,292.00"
6/13/2016,2433,2281,2310,11973,NABIL,"2,341.00",0,"27,983,482.00"
6/14/2016,2330,2280,2280,13714,NABIL,"2,310.00",0,"31,687,898.00"
6/15/2016,2310,2280,2289,4013,NABIL,"2,280.00",0,"9,187,502.00"
6/16/2016,2298,2280,2295,6768,NABIL,"2,289.00",0,"15,501,866.00"
6/19/2016,2299,2260,2275,2634,NABIL,"2,295.00",0,"6,000,575.00"
6/20/2016,2300,2275,2276,5110,NABIL,"2,275.00",0,"11,644,430.00"
6/21/2016,2295,2275,2286,7090,NABIL,"2,276.00",0,"16,194,138.00"
6/22/2016,2330,2290,2308,8859,NABIL,"2,286.00",0,"20,423,842.00"
6/23/2016,2380,2285,2340,15451,NABIL,"2,308.00",0,"35,710,512.00"
6/26/2016,2412,2350,2400,17602,NABIL,"2,340.00",0,"41,882,196.00"
6/27/2016,2460,2400,2450,26477,NABIL,"2,400.00",0,"64,200,764.00"
6/28/2016,2509,2450,2471,17785,NABIL,"2,450.00",0,"44,094,280.00"
6/29/2016,2490,2450,2450,5774,NABIL,"2,471.00",0,"14,256,740.00"
6/30/2016,2432,2382,2410,7877,NABIL,"2,450.00",0,"18,924,820.00"
7/3/2016,2404,2389,2400,7898,NABIL,"2,410.00",0,"18,904,196.00"
7/4/2016,2400,2380,2395,5504,NABIL,"2,400.00",0,"13,161,698.00"
7/5/2016,2400,2371,2380,9924,NABIL,"2,395.00",0,"23,697,726.00"
7/6/2016,2399,2370,2375,7384,NABIL,"2,380.00",0,"17,595,184.00"
7/10/2016,2408,2382,2395,12007,NABIL,"2,375.00",0,"28,737,230.00"
7/11/2016,2400,2360,2380,4852,NABIL,"2,395.00",0,"11,547,740.00"
7/12/2016,2382,2250,2363,11880,NABIL,"2,380.00",0,"27,972,232.00"
7/13/2016,2340,2281,2330,6603,NABIL,"2,363.00",0,"15,346,414.00"
7/14/2016,2397,2325,2344,8541,NABIL,"2,330.00",0,"20,036,000.00"
7/17/2016,2395,2345,2370,7199,NABIL,"2,344.00",0,"17,057,572.00"
7/18/2016,2417,2370,2389,12061,NABIL,"2,370.00",0,"28,855,592.00"
7/19/2016,2450,2390,2415,16715,NABIL,"2,389.00",0,"40,374,688.00"
7/20/2016,2463,2411,2420,14158,NABIL,"2,415.00",0,"34,421,480.00"
7/21/2016,2445,2400,2425,8852,NABIL,"2,420.00",0,"21,479,672.00"
7/25/2016,2480,2435,2460,10227,NABIL,"2,425.00",0,"25,020,168.00"
7/26/2016,2500,2445,2450,15494,NABIL,"2,460.00",0,"38,109,944.00"
7/27/2016,2480,2450,2466,13182,NABIL,"2,450.00",0,"32,507,080.00"
7/28/2016,2500,2435,2465,16728,NABIL,"2,466.00",0,"41,227,508.00"
7/31/2016,2495,2368,2463,9411,NABIL,"2,465.00",0,"23,312,388.00"
8/1/2016,2470,2420,2451,4693,NABIL,"2,463.00",0,"11,468,744.00"
8/2/2016,2440,2400,2440,2757,NABIL,"2,451.00",0,"6,660,622.00"
8/3/2016,2412,2376,2385,5966,NABIL,"2,440.00",0,"14,289,749.00"
8/4/2016,2385,2320,2342,7256,NABIL,"2,385.00",0,"17,027,938.00"
8/7/2016,2399,2340,2345,6957,NABIL,"2,342.00",0,"16,485,239.00"
8/8/2016,2316,2240,2240,5806,NABIL,"2,345.00",0,"13,159,207.00"
8/9/2016,2329,2284,2329,100,NABIL,"2,240.00",0,"232,450.00"
8/10/2016,2420,2290,2350,11058,NABIL,"2,329.00",0,"25,526,382.00"
8/11/2016,2397,2340,2360,6065,NABIL,"2,350.00",0,"14,291,662.00"
8/14/2016,2400,2321,2340,9548,NABIL,"2,360.00",0,"22,588,898.00"
8/15/2016,2300,2205,2260,6011,NABIL,"2,340.00",0,"13,641,625.00"
8/16/2016,2290,2215,2285,5042,NABIL,"2,260.00",0,"11,372,478.00"
8/17/2016,2305,2275,2290,5701,NABIL,"1,716.00",0,"10,400,900.00"
8/21/2016,2310,2280,2290,4223,NABIL,"1,695.00",0,"14,794,812.00"
8/22/2016,2300,2265,2277,5345,NABIL,"1,670.00",0,"13,882,593.00"
8/23/2016,2290,2270,2289,4326,NABIL,"1,630.00",0,"8,855,012.00"
8/24/2016,2305,2280,2300,5288,NABIL,"1,635.00",0,"11,888,214.00"
8/28/2016,2340,2274,2325,7682,NABIL,"1,630.00",0,"13,764,315.00"
8/29/2016,2380,2320,2320,10886,NABIL,"1,600.00",0,"9,588,915.00"
8/30/2016,2380,2350,2368,3240,NABIL,"1,595.00",0,"7,327,037.00"
8/31/2016,2364,2340,2360,4905,NABIL,"1,555.00",0,"15,581,669.00"
9/1/2016,2377,2350,2365,5878,NABIL,"1,640.00",0,"12,789,990.00"
9/4/2016,2420,2372,2408,4415,NABIL,"1,655.00",0,"12,521,920.00"
9/5/2016,2479,2450,2472,9127,NABIL,"1,691.00",0,"12,248,557.00"
9/6/2016,2495,2395,2450,9151,NABIL,"1,674.00",0,"6,890,404.00"
9/7/2016,2548,2450,2468,54493,NABIL,"1,670.00",0,"4,064,153.00"
9/8/2016,2469,2430,2438,15550,NABIL,"1,640.00",0,"4,780,580.00"
9/11/2016,2440,2400,2410,7702,NABIL,"1,638.00",0,"1,543,130.00"
9/12/2016,2405,2375,2390,10027,NABIL,"1,635.00",0,"3,924,004.00"
9/14/2016,2450,2400,2411,25405,NABIL,"1,630.00",0,"3,579,929.00"
9/18/2016,2430,2360,2369,24822,NABIL,"1,600.00",0,"5,234,640.00"
9/20/2016,2390,2340,2350,75157,NABIL,"1,590.00",0,"5,728,110.00"
9/22/2016,1800,1750,1765,16998,NABIL,"1,580.00",0,"4,969,905.00"
9/25/2016,1760,1700,1700,14267,NABIL,"1,580.00",0,"3,988,415.00"
9/26/2016,1781,1685,1781,6711,NABIL,"1,575.00",0,"10,728,686.00"
9/27/2016,1785,1760,1768,6462,NABIL,"1,580.00",0,"7,777,705.00"
9/28/2016,1770,1757,1764,2686,NABIL,"1,570.00",0,"3,458,589.00"
9/29/2016,1798,1760,1792,7195,NABIL,"1,533.00",0,"6,725,386.00"
10/2/2016,1800,1780,1780,9133,NABIL,"1,530.00",0,"8,839,205.00"
10/3/2016,1800,1782,1788,3604,NABIL,"1,508.00",0,"5,120,574.00"
10/4/2016,1809,1795,1800,10545,NABIL,"1,479.00",0,"9,075,222.00"
10/5/2016,1810,1780,1790,4046,NABIL,"1,475.00",0,"4,769,867.00"
10/6/2016,1800,1780,1780,6546,NABIL,"1,519.00",0,"4,755,293.00"
10/16/2016,1800,1760,1770,2605,NABIL,"1,530.00",0,"16,338,631.00"
10/17/2016,1780,1743,1774,4532,NABIL,"1,544.00",0,"9,065,006.00"
10/18/2016,1800,1746,1789,4476,NABIL,"1,525.00",0,"2,179,380.00"
10/19/2016,1795,1781,1790,3025,NABIL,"1,515.00",0,"6,307,494.00"
10/20/2016,1790,1775,1785,4051,NABIL,"1,505.00",0,"4,176,835.00"
10/23/2016,1785,1762,1765,8690,NABIL,"1,510.00",0,"2,106,767.00"
10/24/2016,1770,1740,1740,10127,NABIL,"1,519.00",0,"5,014,861.00"
10/25/2016,1741,1702,1729,2830,NABIL,"1,538.00",0,"6,277,188.00"
10/26/2016,1744,1705,1740,6550,NABIL,"1,565.00",0,"3,080,102.00"
10/27/2016,1755,1730,1755,3259,NABIL,"1,560.00",0,"3,569,530.00"
11/3/2016,1795,1760,1760,5932,NABIL,"1,540.00",0,"8,008,643.00"
11/7/2016,1760,1735,1739,4023,NABIL,"1,508.00",0,"5,639,426.00"
11/8/2016,1758,1712,1725,3671,NABIL,"1,505.00",0,"7,523,545.00"
11/9/2016,1716,1675,1708,5692,NABIL,"1,504.00",0,"5,400,055.00"
11/10/2016,1710,1697,1700,8482,NABIL,"1,500.00",0,"4,089,847.00"
11/13/2016,1720,1690,1703,9265,NABIL,"1,506.00",0,"4,328,142.00"
11/14/2016,1730,1703,1722,4633,NABIL,"1,500.00",0,"4,416,101.00"
11/15/2016,1725,1710,1716,4705,NABIL,"1,487.00",0,"11,287,504.00"
11/16/2016,1721,1695,1695,6094,NABIL,"1,441.00",0,"6,429,933.00"
11/17/2016,1705,1660,1670,8823,NABIL,"1,432.00",0,"8,563,164.00"
11/20/2016,1650,1596,1630,8592,NABIL,"1,365.00",0,"9,654,758.00"
11/21/2016,1680,1605,1635,5441,NABIL,"1,390.00",0,"8,122,880.00"
11/22/2016,1655,1605,1630,7277,NABIL,"1,442.00",0,"7,967,835.00"
11/23/2016,1626,1596,1600,8590,NABIL,"1,455.00",0,"7,173,313.00"
11/24/2016,1610,1589,1595,6007,NABIL,"1,455.00",0,"4,593,482.00"
11/27/2016,1588,1540,1555,4670,NABIL,"1,420.00",0,"10,392,930.00"
11/28/2016,1640,1450,1640,10412,NABIL,"1,405.00",0,"8,465,459.00"
11/29/2016,1655,1600,1655,7847,NABIL,"1,395.00",0,"6,617,816.00"
11/30/2016,1700,1640,1691,7451,NABIL,"1,370.00",0,"14,703,980.00"
12/1/2016,1734,1652,1674,7265,NABIL,"1,305.00",0,"13,734,117.00"
12/4/2016,1670,1600,1670,4200,NABIL,"1,370.00",0,"12,054,626.00"
12/5/2016,1690,1610,1640,2489,NABIL,"1,360.00",0,"8,619,869.00"
12/6/2016,1650,1618,1638,2942,NABIL,"1,412.00",0,"10,916,859.00"
12/7/2016,1640,1625,1635,944,NABIL,"1,456.00",0,"10,368,340.00"
12/8/2016,1635,1616,1630,2418,NABIL,"1,496.00",0,"11,253,485.00"
12/11/2016,1615,1600,1600,2229,NABIL,"1,520.00",0,"11,784,598.00"
12/12/2016,1605,1590,1590,3275,NABIL,"1,515.00",0,"2,804,625.00"
12/14/2016,1605,1575,1580,3618,NABIL,"1,485.00",0,"3,984,496.00"
12/15/2016,1596,1565,1580,3144,NABIL,"1,471.00",0,"6,842,345.00"
12/18/2016,1590,1565,1575,2536,NABIL,"1,405.00",0,"6,066,336.00"
12/19/2016,1581,1571,1580,6814,NABIL,"1,395.00",0,"11,667,455.00"
12/20/2016,1581,1565,1570,4956,NABIL,"1,400.00",0,"4,935,667.00"
12/21/2016,1561,1530,1533,2243,NABIL,"1,420.00",0,"8,561,833.00"
12/22/2016,1540,1524,1530,4389,NABIL,"1,450.00",0,"4,814,614.00"
12/26/2016,1518,1500,1508,5860,NABIL,"1,469.00",0,"5,804,665.00"
12/27/2016,1500,1421,1479,3491,NABIL,"1,435.00",0,"4,353,264.00"
12/28/2016,1485,1450,1475,6181,NABIL,"1,436.00",0,"3,423,835.00"
12/29/2016,1519,1481,1519,3186,NABIL,"1,455.00",0,"2,011,608.00"
1/1/2017,1548,1525,1530,3097,NABIL,"1,449.00",0,"1,775,926.00"
1/2/2017,1550,1525,1544,10617,NABIL,"1,440.00",0,"4,653,160.00"
1/3/2017,1550,1525,1525,5907,NABIL,"1,440.00",0,"6,673,702.00"
1/4/2017,1529,1515,1515,1430,NABIL,"1,440.00",0,"14,841,723.00"
1/5/2017,1520,1500,1505,4175,NABIL,"1,460.00",0,"11,154,867.00"
1/8/2017,1510,1495,1510,2781,NABIL,"1,475.00",0,"18,575,436.00"
1/9/2017,1529,1510,1519,1389,NABIL,"1,481.00",0,"12,629,357.00"
1/10/2017,1551,1525,1538,3248,NABIL,"1,470.00",0,"22,420,876.00"
1/11/2017,1565,1540,1565,4054,NABIL,"1,500.00",0,"15,514,194.00"
1/12/2017,1565,1546,1560,1982,NABIL,"1,575.00",0,"28,454,444.00"
1/15/2017,1550,1530,1540,2316,NABIL,"1,570.00",0,"15,116,519.00"
1/16/2017,1540,1505,1508,5298,NABIL,"1,550.00",0,"13,863,282.00"
1/17/2017,1525,1500,1505,3743,NABIL,"1,579.00",0,"24,944,664.00"
1/18/2017,1512,1490,1504,5013,NABIL,"1,577.00",0,"14,130,868.00"
1/19/2017,1515,1500,1500,3585,NABIL,"1,580.00",0,"8,628,837.00"
1/22/2017,1515,1500,1506,2713,NABIL,"1,570.00",0,"7,720,480.00"
1/23/2017,1516,1500,1500,2874,NABIL,"1,568.00",0,"12,919,959.00"
1/24/2017,1500,1481,1487,2963,NABIL,"1,575.00",0,"14,675,019.00"
1/25/2017,1459,1426,1441,7828,NABIL,"1,600.00",0,"13,110,570.00"
1/26/2017,1445,1400,1432,4524,NABIL,"1,615.00",0,"7,804,592.00"
1/30/2017,1425,1350,1365,6198,NABIL,"1,556.00",0,"4,530,449.00"
1/31/2017,1390,1304,1390,7174,NABIL,"1,515.00",0,"5,710,446.00"
2/1/2017,1450,1400,1442,5711,NABIL,"1,540.00",0,"6,434,092.00"
2/2/2017,1485,1440,1455,5462,NABIL,"1,551.00",0,"12,119,151.00"
2/5/2017,1480,1412,1455,4887,NABIL,"1,599.00",0,"6,412,340.00"
2/6/2017,1455,1420,1420,3203,NABIL,"1,599.00",0,"4,753,538.00"
2/7/2017,1422,1400,1405,7394,NABIL,"1,590.00",0,"3,204,084.00"
2/8/2017,1420,1382,1395,6077,NABIL,"1,574.00",0,"5,613,711.00"
2/9/2017,1391,1370,1370,4797,NABIL,"1,580.00",0,"10,180,389.00"
2/12/2017,1343,1295,1305,11250,NABIL,"1,545.00",0,"3,607,072.00"
2/13/2017,1380,1275,1370,10589,NABIL,"1,535.00",0,"5,428,952.00"
2/14/2017,1375,1346,1360,8847,NABIL,"1,569.00",0,"4,297,693.00"
2/15/2017,1412,1370,1412,6199,NABIL,"1,560.00",0,"4,934,049.00"
2/16/2017,1458,1415,1456,7547,NABIL,"1,535.00",0,"4,129,491.00"
2/19/2017,1500,1427,1496,7010,NABIL,"1,540.00",0,"3,151,900.00"
2/20/2017,1549,1510,1520,7377,NABIL,"1,560.00",0,"4,180,311.00"
2/21/2017,1550,1495,1515,7723,NABIL,"1,560.00",0,"4,954,540.00"
2/22/2017,1505,1475,1485,1883,NABIL,"1,560.00",0,"2,926,720.00"
2/23/2017,1485,1465,1471,2710,NABIL,"1,558.00",0,"3,897,343.00"
2/26/2017,1470,1405,1405,4770,NABIL,"1,560.00",0,"7,941,445.00"
2/28/2017,1400,1377,1395,4357,NABIL,"1,554.00",0,"1,869,835.00"
3/1/2017,1407,1388,1400,8356,NABIL,"1,550.00",0,"1,959,285.00"
3/2/2017,1421,1401,1420,3487,NABIL,"1,535.00",0,"5,515,135.00"
3/5/2017,1461,1395,1450,5909,NABIL,"1,550.00",0,"5,158,553.00"
3/6/2017,1470,1451,1469,3287,NABIL,"1,557.00",0,"7,241,440.00"
3/7/2017,1450,1424,1435,4045,NABIL,"1,538.00",0,"6,234,438.00"
3/9/2017,1463,1436,1436,3014,NABIL,"1,499.00",0,"7,578,531.00"
3/13/2017,1460,1435,1455,2366,NABIL,"1,500.00",0,"13,506,747.00"
3/14/2017,1465,1440,1449,1385,NABIL,"1,500.00",0,"12,917,926.00"
3/15/2017,1449,1421,1440,1235,NABIL,"1,480.00",0,"5,530,476.00"
3/16/2017,1449,1431,1440,3233,NABIL,"1,500.00",0,"12,067,235.00"
3/19/2017,1446,1430,1440,4640,NABIL,"1,519.00",0,"16,424,306.00"
3/20/2017,1465,1440,1460,10234,NABIL,"1,515.00",0,"4,713,197.00"
3/21/2017,1475,1450,1475,7625,NABIL,"1,512.00",0,"9,211,705.00"
3/22/2017,1538,1480,1481,12277,NABIL,"1,472.00",0,"13,894,083.00"
3/23/2017,1499,1465,1470,8543,NABIL,"1,460.00",0,"8,357,364.00"
3/26/2017,1529,1480,1500,14931,NABIL,"1,460.00",0,"15,412,170.00"
3/28/2017,1581,1529,1575,9939,NABIL,"1,452.00",0,"6,413,088.00"
3/29/2017,1606,1550,1570,18088,NABIL,"1,480.00",0,"4,601,959.00"
3/30/2017,1570,1541,1550,9746,NABIL,"1,459.00",0,"9,297,531.00"
4/2/2017,1591,1560,1579,8810,NABIL,"1,450.00",0,"6,621,680.00"
4/3/2017,1716,1550,1577,15195,NABIL,"1,442.00",0,"5,393,372.00"
4/4/2017,1594,1550,1580,8995,NABIL,"1,460.00",0,"4,636,934.00"
4/6/2017,1580,1556,1570,5503,NABIL,"1,452.00",0,"5,871,812.00"
4/9/2017,1585,1539,1568,4935,NABIL,"1,489.00",0,"5,280,813.00"
4/10/2017,1575,1550,1575,8280,NABIL,"1,491.00",0,"6,571,007.00"
4/11/2017,1628,1592,1600,9167,NABIL,"1,499.00",0,"4,948,199.00"
4/12/2017,1635,1592,1615,8132,NABIL,"1,479.00",0,"3,090,420.00"
4/13/2017,1600,1565,1590,4916,NABIL,"1,475.00",0,"4,098,059.00"
4/16/2017,1590,1540,1556,2911,NABIL,"1,475.00",0,"4,686,720.00"
4/18/2017,1556,1515,1515,2972,NABIL,"1,500.00",0,"10,562,849.00"
4/19/2017,1545,1500,1540,3753,NABIL,"1,500.00",0,"9,080,538.00"
4/20/2017,1570,1540,1551,4148,NABIL,"1,493.00",0,"5,394,980.00"
4/23/2017,1650,1580,1599,7475,NABIL,"1,506.00",0,"3,394,055.00"
4/24/2017,1600,1575,1599,4041,NABIL,"1,519.00",0,"4,113,818.00"
4/25/2017,1596,1570,1590,3009,NABIL,"1,523.00",0,"4,434,776.00"
4/26/2017,1579,1565,1574,2038,NABIL,"1,530.00",0,"17,515,322.00"
4/27/2017,1581,1557,1580,3571,NABIL,"1,597.00",0,"20,156,564.00"
4/30/2017,1580,1545,1545,6533,NABIL,"1,638.00",0,"20,914,376.00"
5/2/2017,1545,1535,1535,2341,NABIL,"1,658.00",0,"10,892,528.00"
5/3/2017,1596,1560,1569,3461,NABIL,"1,658.00",0,"7,920,541.00"
5/4/2017,1570,1552,1560,2743,NABIL,"1,635.00",0,"7,517,602.00"
5/7/2017,1560,1525,1535,3218,NABIL,"1,610.00",0,"8,936,508.00"
5/8/2017,1564,1520,1540,2702,NABIL,"1,612.00",0,"6,361,000.00"
5/9/2017,1580,1550,1560,2023,NABIL,"1,620.00",0,"7,802,785.00"
5/11/2017,1570,1560,1560,2672,NABIL,"1,627.00",0,"5,680,620.00"
5/15/2017,1577,1560,1560,3167,NABIL,"1,620.00",0,"5,407,310.00"
5/16/2017,1560,1536,1558,1888,NABIL,"1,622.00",0,"5,687,953.00"
5/17/2017,1560,1550,1560,2503,NABIL,"1,635.00",0,"6,688,292.00"
5/18/2017,1565,1540,1554,5123,NABIL,"1,638.00",0,"26,155,940.00"
5/21/2017,1560,1535,1550,1204,NABIL,"1,667.00",0,"31,218,212.00"
5/22/2017,1559,1535,1535,1271,NABIL,"1,728.00",0,"31,186,114.00"
5/23/2017,1560,1540,1550,3558,NABIL,"1,768.00",0,"21,922,842.00"
5/24/2017,1557,1541,1557,3326,NABIL,"1,780.00",0,"17,881,898.00"
5/28/2017,1553,1535,1538,4688,NABIL,"1,758.00",0,"17,482,992.00"
5/30/2017,1545,1499,1499,4117,NABIL,"1,750.00",0,"8,758,193.00"
5/31/2017,1515,1490,1500,5049,NABIL,"1,720.00",0,"13,756,714.00"
6/1/2017,1525,1495,1500,8966,NABIL,"1,718.00",0,"17,274,512.00"
6/4/2017,1501,1470,1480,8738,NABIL,"1,737.00",0,"10,259,197.00"
6/5/2017,1509,1480,1500,3695,NABIL,"1,735.00",0,"5,297,040.00"
6/6/2017,1530,1500,1519,8003,NABIL,"1,720.00",0,"9,343,100.00"
6/7/2017,1540,1514,1515,10804,NABIL,"1,729.00",0,"8,214,588.00"
6/8/2017,1515,1500,1512,3132,NABIL,"1,730.00",0,"7,206,550.00"
6/11/2017,1512,1470,1472,6190,NABIL,"1,729.00",0,"55,313,492.00"
6/12/2017,1479,1451,1460,9507,NABIL,"1,767.00",0,"36,640,896.00"
6/13/2017,1479,1455,1460,5712,NABIL,"1,762.00",0,"20,085,496.00"
6/14/2017,1460,1450,1452,10596,NABIL,"1,737.00",0,"23,374,198.00"
6/15/2017,1504,1458,1480,4356,NABIL,"1,700.00",0,"22,238,968.00"
6/18/2017,1480,1453,1459,3120,NABIL,"1,665.00",0,"33,552,418.00"
6/19/2017,1460,1445,1450,6395,NABIL,"1,694.00",0,"48,861,152.00"
6/20/2017,1455,1436,1442,4585,NABIL,"1,675.00",0,"49,273,020.00"
6/21/2017,1460,1450,1460,3699,NABIL,"1,634.00",0,"103,382,816.00"
6/22/2017,1484,1451,1452,3172,NABIL,"1,254.00",0,"19,436,412.00"
6/25/2017,1490,1465,1489,3963,NABIL,"1,191.00",0,"7,895,425.00"
6/27/2017,1499,1485,1491,3543,NABIL,"1,185.00",0,"11,452,752.00"
6/28/2017,1500,1485,1499,4402,NABIL,"1,205.00",0,"10,589,205.00"
7/2/2017,1499,1460,1479,3363,NABIL,"1,245.00",0,"8,639,064.00"
7/3/2017,1480,1470,1475,2096,NABIL,"1,264.00",0,"7,065,724.00"
7/4/2017,1479,1472,1476,2778,NABIL,"1,254.00",0,"10,628,509.00"
7/5/2017,1485,1475,1475,2783,NABIL,"1,254.00",0,"3,118,727.00"
7/6/2017,1500,1475,1500,3154,NABIL,"1,260.00",0,"7,709,872.00"
7/9/2017,1525,1490,1500,6988,NABIL,"1,264.00",0,"1,988,128.00"
7/10/2017,1505,1490,1493,6071,NABIL,"1,265.00",0,"6,875,981.00"
7/11/2017,1510,1500,1506,3583,NABIL,"1,245.00",0,"7,046,017.00"
7/12/2017,1520,1510,1519,2244,NABIL,"1,218.00",0,"8,301,697.00"
7/13/2017,1525,1512,1523,2709,NABIL,"1,205.00",0,"2,631,375.00"
7/16/2017,1530,1500,1530,2912,NABIL,"1,205.00",0,"6,749,975.00"
7/17/2017,1599,1540,1597,11170,NABIL,"1,200.00",0,"7,616,025.00"
7/18/2017,1650,1599,1638,12310,NABIL,"1,200.00",0,"1,731,988.00"
7/19/2017,1670,1650,1658,12595,NABIL,"1,219.00",0,"7,799,850.00"
7/20/2017,1670,1656,1658,6554,NABIL,"1,285.00",0,"8,271,853.00"
7/23/2017,1665,1630,1635,4811,NABIL,"1,273.00",0,"6,117,000.00"
7/24/2017,1650,1600,1610,4650,NABIL,"1,277.00",0,"1,368,105.00"
7/25/2017,1620,1607,1612,5546,NABIL,"1,272.00",0,"2,169,615.00"
7/26/2017,1643,1612,1620,3897,NABIL,"1,265.00",0,"3,659,420.00"
7/27/2017,1640,1625,1627,4790,NABIL,"1,257.00",0,"2,930,820.00"
7/30/2017,1630,1610,1620,3503,NABIL,"1,235.00",0,"2,973,525.00"
7/31/2017,1629,1620,1622,3329,NABIL,"1,230.00",0,"7,210,045.00"
8/1/2017,1642,1625,1635,3486,NABIL,"1,225.00",0,"5,238,973.00"
8/2/2017,1640,1630,1638,4095,NABIL,"1,219.00",0,"3,979,235.00"
8/3/2017,1675,1652,1667,15706,NABIL,"1,220.00",0,"9,364,149.00"
8/6/2017,1733,1700,1728,18127,NABIL,"1,215.00",0,"9,320,970.00"
8/7/2017,1773,1750,1768,17674,NABIL,"1,203.00",0,"6,764,751.00"
8/9/2017,1798,1775,1780,12288,NABIL,"1,190.00",0,"10,893,020.00"
8/10/2017,1779,1736,1758,10168,NABIL,"1,179.00",0,"5,028,682.00"
8/13/2017,1769,1745,1750,9970,NABIL,"1,165.00",0,"20,877,640.00"
8/15/2017,1749,1720,1720,5048,NABIL,"1,130.00",0,"11,359,344.00"
8/16/2017,1735,1713,1718,7982,NABIL,"1,150.00",0,"12,632,188.00"
8/17/2017,1751,1710,1737,10056,NABIL,"1,161.00",0,"13,012,931.00"
8/20/2017,1760,1732,1735,5888,NABIL,"1,200.00",0,"10,679,752.00"
8/21/2017,1730,1715,1720,3081,NABIL,"1,200.00",0,"5,558,767.00"
8/22/2017,1730,1717,1729,5422,NABIL,"1,182.00",0,"3,011,830.00"
8/23/2017,1740,1730,1730,4741,NABIL,"1,168.00",0,"13,682,716.00"
8/24/2017,1730,1718,1729,4183,NABIL,"1,140.00",0,"4,981,260.00"
8/27/2017,1810,1755,1767,31262,NABIL,"1,145.00",0,"3,551,417.00"
8/28/2017,1799,1758,1762,20703,NABIL,"1,166.00",0,"5,958,916.00"
8/30/2017,1770,1722,1737,11486,NABIL,"1,166.00",0,"8,771,195.00"
8/31/2017,1750,1699,1700,13665,NABIL,"1,175.00",0,"8,269,855.00"
9/4/2017,1701,1640,1665,13365,NABIL,"1,165.00",0,"5,925,569.00"
9/6/2017,1715,1670,1694,19799,NABIL,"1,180.00",0,"13,340,119.00"
9/7/2017,1700,1675,1675,28839,NABIL,"1,180.00",0,"9,533,877.00"
9/10/2017,1688,1632,1634,29951,NABIL,"1,179.00",0,"5,182,918.00"
9/11/2017,1650,1613,1630,63239,NABIL,"1,166.00",0,"4,771,619.00"
9/12/2017,1235,1191,1191,16172,NABIL,"1,170.00",0,"4,716,696.00"
9/13/2017,1190,1170,1185,6694,NABIL,"1,168.00",0,"11,249,659.00"
9/14/2017,1210,1189,1205,9574,NABIL,"1,164.00",0,"3,216,181.00"
9/17/2017,1255,1210,1245,8537,NABIL,"1,167.00",0,"1,104,025.00"
9/18/2017,1270,1255,1264,6829,NABIL,"1,160.00",0,"2,332,412.00"
9/20/2017,1274,1254,1254,5611,NABIL,"1,156.00",0,"1,297,193.00"
9/24/2017,1260,1242,1254,8497,NABIL,"1,160.00",0,"4,269,481.00"
9/25/2017,1265,1258,1260,2474,NABIL,"1,155.00",0,"1,794,115.00"
9/26/2017,1265,1251,1264,6134,NABIL,"1,160.00",0,"2,738,360.00"
10/3/2017,1265,1243,1265,1586,NABIL,"1,155.00",0,"3,077,286.00"
10/4/2017,1269,1245,1245,5471,NABIL,"1,155.00",0,"4,876,851.00"
10/8/2017,1245,1200,1218,5817,NABIL,"1,149.00",0,"4,869,175.00"
10/9/2017,1225,1200,1205,6902,NABIL,"1,150.00",0,"2,324,230.00"
10/10/2017,1211,1190,1205,2185,NABIL,"1,145.00",0,"3,218,527.00"
10/11/2017,1209,1199,1200,5616,NABIL,"1,134.00",0,"17,372,804.00"
10/12/2017,1205,1195,1200,6344,NABIL,"1,090.00",0,"19,872,468.00"
10/15/2017,1219,1200,1219,1432,NABIL,"1,020.00",0,"15,815,821.00"
10/16/2017,1285,1220,1285,6273,NABIL,"1,065.00",0,"26,436,586.00"
10/17/2017,1291,1265,1273,6476,NABIL,"1,080.00",0,"13,419,655.00"
10/18/2017,1280,1264,1277,4812,NABIL,"1,055.00",0,"7,729,842.00"
10/22/2017,1285,1270,1272,1070,NABIL,"1,080.00",0,"9,375,573.00"
10/23/2017,1280,1260,1265,1708,NABIL,"1,081.00",0,"15,355,520.00"
10/24/2017,1270,1251,1257,2908,NABIL,"1,089.00",0,"10,622,378.00"
10/25/2017,1265,1235,1235,2350,NABIL,"1,090.00",0,"13,268,074.00"
10/29/2017,1240,1225,1230,2416,NABIL,"1,070.00",0,"9,958,623.00"
10/30/2017,1234,1220,1225,5881,NABIL,"1,065.00",0,"22,954,808.00"
10/31/2017,1225,1210,1219,4315,NABIL,"1,030.00",0,"21,075,040.00"
11/1/2017,1235,1220,1220,3253,NABIL,"1,039.00",0,"12,403,365.00"
11/2/2017,1230,1208,1215,7706,NABIL,"1,039.00",0,"12,404,528.00"
11/5/2017,1210,1194,1203,7767,NABIL,"1,039.00",0,"6,832,655.00"
11/6/2017,1200,1180,1190,5666,NABIL,"1,031.00",0,"20,147,654.00"
11/7/2017,1195,1175,1179,9207,NABIL,"1,015.00",0,"8,413,375.00"
11/8/2017,1180,1165,1165,4291,NABIL,"1,037.00",0,"10,552,455.00"
11/9/2017,1165,1130,1130,18364,NABIL,"1,048.00",0,"12,243,536.00"
11/12/2017,1150,1121,1150,10024,NABIL,"1,052.00",0,"10,680,085.00"
11/13/2017,1165,1150,1161,10925,NABIL,"1,070.00",0,"13,798,913.00"
11/14/2017,1200,1163,1200,11066,NABIL,"1,090.00",0,"21,733,406.00"
11/15/2017,1208,1197,1200,8902,NABIL,"1,086.00",0,"13,121,803.00"
11/16/2017,1200,1180,1182,4677,NABIL,"1,077.00",0,"4,892,085.00"
11/19/2017,1200,1168,1168,2558,NABIL,"1,072.00",0,"7,896,306.00"
11/20/2017,1157,1140,1140,11937,NABIL,"1,066.00",0,"9,272,016.00"
11/21/2017,1162,1130,1145,4337,NABIL,"1,065.00",0,"6,760,781.00"
11/22/2017,1168,1160,1166,3050,NABIL,"1,070.00",0,"6,533,434.00"
11/23/2017,1175,1166,1166,5085,NABIL,"1,062.00",0,"12,624,699.00"
11/26/2017,1180,1170,1175,7461,NABIL,"1,068.00",0,"20,360,424.00"
11/27/2017,1184,1160,1165,7045,NABIL,"1,110.00",0.72,"21,802,656.00"
11/28/2017,1180,1165,1180,5031,NABIL,"1,120.00",-1.08,"10,334,586.00"
11/29/2017,1190,1180,1180,11254,NABIL,"1,095.00",-0.45,"2,833,586.00"
11/30/2017,1190,1170,1179,8116,NABIL,"1,100.00",-0.46,"8,754,206.00"
12/4/2017,1181,1166,1166,4406,NABIL,"1,090.00",-1.83,"11,396,582.00"
12/5/2017,1170,1155,1170,4113,NABIL,"1,080.00",-1.03,"13,147,101.00"
12/6/2017,1180,1165,1168,4018,NABIL,"1,060.00",0.85,"20,383,380.00"
12/10/2017,1176,1155,1164,9654,NABIL,"1,060.00",-0.75,"13,355,553.00"
12/11/2017,1167,1152,1167,2773,NABIL,"1,045.00",-2.45,"13,943,999.00"
12/12/2017,1170,1153,1160,950,NABIL,"1,054.00",0.1,"9,930,691.00"
12/13/2017,1160,1155,1156,2013,NABIL,"1,035.00",1.45,"16,382,778.00"
12/14/2017,1169,1159,1160,1117,NABIL,"1,051.00",0.95,"22,518,994.00"
12/17/2017,1160,1150,1155,3691,NABIL,"1,060.00",-1.51,"12,328,304.00"
12/18/2017,1164,1160,1160,1545,NABIL,"1,040.00",-0.1,"8,421,984.00"
12/19/2017,1161,1155,1155,2366,NABIL,"1,037.00",-1.25,"15,241,365.00"
12/20/2017,1160,1145,1155,2665,NABIL,"1,040.00",0,"9,895,232.00"
12/21/2017,1160,1145,1149,4245,NABIL,"1,030.00",-0.68,"11,519,949.00"
12/24/2017,1155,1148,1150,4231,NABIL,"1,025.00",0.2,"12,445,533.00"
12/26/2017,1155,1130,1145,2029,NABIL,"1,030.00",-0.98,"12,261,050.00"
12/27/2017,1143,1130,1134,2831,NABIL,"1,010.00",0,"23,766,544.00"
12/28/2017,1129,1085,1090,15690,NABIL,"1,000.00",-2.96,"20,629,080.00"
12/31/2017,1090,1015,1020,19263,NABIL,976,-1.02,"19,557,394.00"
1/1/2018,1065,1020,1065,15122,NABIL,975,-5.13,"15,870,121.00"
1/2/2018,1101,1065,1080,24418,NABIL,925,1.51,"23,304,842.00"
1/3/2018,1100,1050,1055,12532,NABIL,950,3.09,"22,625,884.00"
1/4/2018,1081,1059,1080,7265,NABIL,974,0.21,"18,319,192.00"
1/7/2018,1090,1074,1081,8667,NABIL,975,-2.58,"14,400,984.00"
1/8/2018,1097,1080,1089,14120,NABIL,945,0,"8,183,555.00"
1/9/2018,1100,1089,1090,9727,NABIL,945,0.53,"10,755,354.00"
1/10/2018,1093,1070,1070,12309,NABIL,952,1.58,"16,258,088.00"
1/14/2018,1073,1055,1065,9390,NABIL,970,0.52,"27,130,864.00"
1/16/2018,1066,1025,1030,22276,NABIL,972,2.99,"31,438,392.00"
1/17/2018,1045,1010,1039,20617,NABIL,"1,015.00",-0.5,"35,649,960.00"
1/21/2018,1045,1025,1039,12003,NABIL,990,-0.8,"11,843,749.00"
1/22/2018,1043,1033,1039,11946,NABIL,983,0.2,"7,922,823.00"
1/23/2018,1040,1030,1031,6612,NABIL,999,0.1,"14,093,564.00"
1/24/2018,1032,1010,1015,19823,NABIL,995,0.1,"12,926,814.00"
1/25/2018,1039,1020,1037,8156,NABIL,990,0.61,"8,269,895.00"
1/28/2018,1055,1044,1048,10059,NABIL,"1,000.00",0.6,"16,014,884.00"
1/29/2018,1055,1045,1052,11653,NABIL,"1,005.00",3.79,"22,542,958.00"
1/31/2018,1070,1058,1070,10033,NABIL,"1,050.00",1.44,"16,510,904.00"
2/1/2018,1098,1075,1090,12664,NABIL,"1,066.00",0.95,"22,041,196.00"
2/4/2018,1099,1086,1086,19894,NABIL,"1,081.00",-1.41,"17,342,320.00"
2/5/2018,1092,1074,1077,12146,NABIL,"1,055.00",-1.71,"8,577,428.00"
2/6/2018,1073,1065,1072,4578,NABIL,"1,040.00",0.78,"10,957,803.00"
2/7/2018,1066,1060,1066,7436,NABIL,"1,050.00",-0.96,"13,834,533.00"
2/8/2018,1070,1057,1065,8717,NABIL,"1,015.00",-1.65,"7,486,292.00"
2/11/2018,1070,1060,1070,6351,NABIL,"1,017.00",-0.39,"10,833,777.00"
2/12/2018,1074,1061,1062,6125,NABIL,"1,011.00",0,"6,759,592.00"
2/14/2018,1075,1060,1068,11870,NABIL,"1,005.00",-0.4,"6,357,513.00"
2/15/2018,1104,1075,1104,18692,NABIL,"1,010.00",-0.6,"6,056,230.00"
2/18/2018,1126,1106,1112,19540,NABIL,"1,006.00",1.1,"8,852,104.00"
2/20/2018,1130,1093,1100,9378,NABIL,"1,005.00",-0.69,"8,034,051.00"
2/21/2018,1096,1085,1095,2594,NABIL,"1,000.00",0,"3,220,711.00"
2/22/2018,1100,1086,1090,8036,NABIL,"1,003.00",-0.3,"8,893,275.00"
2/25/2018,1090,1065,1070,10593,NABIL,"1,000.00",0.2,"2,600,618.00"
2/26/2018,1085,1059,1059,12348,NABIL,"1,002.00",-0.2,"6,059,488.00"
2/27/2018,1075,1055,1068,19270,NABIL,"1,005.00",0.2,"3,305,126.00"
2/28/2018,1067,1055,1060,12588,NABIL,"1,022.00",-0.2,"9,407,270.00"
3/4/2018,1045,1022,1034,13490,NABIL,"1,000.00",-0.1,"6,406,075.00"
3/5/2018,1070,1031,1035,9593,NABIL,"1,000.00",-0.4,"6,353,640.00"
3/6/2018,1060,1025,1050,15880,NABIL,995,-0.8,"5,608,070.00"
3/7/2018,1065,1051,1060,21280,NABIL,992,0.3,"5,272,846.00"
3/11/2018,1060,1040,1044,11768,NABIL,990,-0.1,"3,025,613.00"
3/12/2018,1043,1035,1043,8110,NABIL,989,2.33,"4,168,432.00"
3/13/2018,1041,1024,1030,14786,NABIL,"1,007.00",-1.28,"4,215,660.00"
3/14/2018,1040,1030,1030,9600,NABIL,"1,000.00",0.1,"2,369,794.00"
3/15/2018,1035,1023,1023,11196,NABIL,"1,005.00",0,"3,164,745.00"
3/18/2018,1029,1019,1025,12162,NABIL,"1,000.00",-2,"5,851,885.00"
3/19/2018,1030,1012,1015,12030,NABIL,970,-0.1,"3,778,918.00"
3/20/2018,1015,998,1015,23717,NABIL,998,1.12,"1,870,275.00"
3/21/2018,1001,985,985,20783,NABIL,990,-1.52,"4,699,557.00"
3/22/2018,990,969,975,20012,NABIL,970,-1.95,"5,203,139.00"
3/26/2018,965,920,925,16921,NABIL,955,-0.1,"4,985,404.00"
3/27/2018,950,888,939,25557,NABIL,960,0,"4,348,302.00"
3/28/2018,968,931,968,23753,NABIL,960,0,"3,623,053.00"
3/29/2018,987,967,970,18810,NABIL,960,0.31,"908,810.00"
4/1/2018,975,917,945,15347,NABIL,955,-1.67,"3,005,848.00"
4/2/2018,949,937,945,8678,NABIL,945,0.11,"2,708,792.00"
4/3/2018,950,939,950,11371,NABIL,944,-0.21,"1,284,805.00"
4/4/2018,965,950,965,16959,NABIL,940,-0.11,"3,150,990.00"
4/5/2018,978,965,970,27949,NABIL,945,0.21,"2,172,544.00"
4/8/2018,1010,972,999,31730,NABIL,943,0,"4,227,179.00"
4/9/2018,1030,994,994,35267,NABIL,945,-1.06,"4,659,460.00"
4/10/2018,1000,980,986,11944,NABIL,925,-0.43,"1,090,732.00"
4/11/2018,994,980,988,8026,NABIL,930,0.22,"4,684,972.00"
4/12/2018,999,988,989,14218,NABIL,932,0.11,"2,458,336.00"
4/15/2018,999,979,990,13102,NABIL,945,-0.32,"3,928,819.00"
4/16/2018,999,980,996,8325,NABIL,928,-0.86,"2,230,578.00"
4/17/2018,1005,997,1002,16009,NABIL,920,0,"5,276,092.00"
4/18/2018,1050,999,1040,21999,NABIL,920,-0.33,"5,705,845.00"
4/19/2018,1060,1041,1055,15695,NABIL,920,0.76,"11,688,329.00"
4/22/2018,1076,1058,1065,20691,NABIL,942,1.73,"12,053,335.00"
4/23/2018,1081,1050,1050,16208,NABIL,941,-2.34,"10,191,921.00"
4/24/2018,1064,1032,1032,8229,NABIL,920,-0.11,"3,635,273.00"
4/25/2018,1045,1030,1040,10589,NABIL,920,0.11,"8,488,516.00"
4/26/2018,1050,1020,1030,13380,NABIL,915,-0.65,"4,937,055.00"
4/29/2018,1020,1002,1013,7378,NABIL,912,0.88,"5,011,393.00"
5/2/2018,1025,996,1009,10811,NABIL,915,0.11,"9,814,734.00"
5/3/2018,1025,1009,1009,6662,NABIL,917,-2.28,"58,183,876.00"
5/6/2018,1006,1000,1005,6340,NABIL,905,0,"25,684,476.00"
5/7/2018,1010,998,999,6050,NABIL,900,0,"33,135,848.00"
5/8/2018,1010,997,1010,8831,NABIL,900,0,"5,564,234.00"
5/9/2018,1014,1003,1003,7968,NABIL,899,0,"10,173,097.00"
5/10/2018,1010,996,1003,3212,NABIL,900,-0.11,"18,838,972.00"
5/14/2018,1004,990,1000,8898,NABIL,900,-0.22,"6,515,265.00"
5/15/2018,1007,995,1002,2596,NABIL,900,0.89,"11,940,605.00"
5/16/2018,1002,999,1000,6058,NABIL,919,0.55,"5,081,568.00"
5/17/2018,1005,1001,1002,3295,NABIL,910,-0.11,"4,704,652.00"
5/20/2018,1022,1000,1000,9372,NABIL,905,-0.44,"4,667,568.00"
5/21/2018,1010,996,999,6405,NABIL,910,0.33,"5,399,467.00"
5/22/2018,1003,995,995,6365,NABIL,908,-0.22,"5,025,364.00"
5/23/2018,999,984,987,5655,NABIL,906,-0.11,"5,793,997.00"
5/24/2018,999,990,990,5307,NABIL,907,-0.22,"6,014,701.00"
5/27/2018,990,978,989,3069,NABIL,919,0.11,"1,939,354.00"
5/28/2018,1012,985,1012,4170,NABIL,905,0,"2,418,903.00"
5/29/2018,1010,999,999,4198,NABIL,922,0.55,"2,995,504.00"
5/30/2018,1013,999,1000,2360,NABIL,910,-0.99,"5,711,482.00"
5/31/2018,1005,995,1000,3164,NABIL,900,0.78,"4,849,651.00"
6/3/2018,1000,980,980,5913,NABIL,907,0,"5,763,190.00"
6/4/2018,985,970,979,3875,NABIL,916,3.09,"16,481,295.00"
6/6/2018,1000,988,990,1882,NABIL,930,2.35,"16,648,687.00"
6/7/2018,990,975,975,4786,NABIL,960,0.21,"10,576,160.00"
6/10/2018,970,944,956,5466,NABIL,960,-1.15,"8,697,104.00"
6/11/2018,975,945,955,5198,NABIL,948,-0.84,"4,641,395.00"
6/12/2018,960,945,955,4558,NABIL,935,0.53,"2,048,396.00"
6/13/2018,960,945,955,3803,NABIL,945,0,"4,479,671.00"
6/14/2018,963,955,958,947,NABIL,945,0,"5,664,032.00"
6/17/2018,959,940,942,3161,NABIL,946,0.42,"5,781,337.00"
6/18/2018,955,937,943,2878,NABIL,947,-0.21,"3,001,456.00"
6/19/2018,944,940,941,1365,NABIL,950,0,"4,957,539.00"
6/20/2018,945,940,940,3344,NABIL,949,0.32,"6,664,605.00"
6/21/2018,945,940,942,2308,NABIL,969,1.47,"7,217,390.00"
6/24/2018,943,936,942,4494,NABIL,970,0.21,"7,858,208.00"
6/25/2018,945,930,932,4988,NABIL,967,0.41,"9,723,088.00"
6/26/2018,931,922,928,1174,NABIL,972,-0.52,"16,255,028.00"
6/27/2018,935,921,930,5047,NABIL,955,0.52,"7,272,133.00"
6/28/2018,955,931,931,2623,NABIL,965,-0.62,"7,154,743.00"
7/1/2018,945,925,928,4235,NABIL,965,0.21,"6,594,520.00"
7/2/2018,928,917,920,2420,NABIL,966,-0.1,"4,148,546.00"
7/3/2018,926,918,920,5734,NABIL,966,0.31,"5,204,961.00"
7/4/2018,920,913,917,6221,NABIL,970,0.1,"9,476,501.00"
7/5/2018,928,919,924,12676,NABIL,967,-0.1,"1,919,979.00"
7/8/2018,953,928,940,12880,NABIL,970,0,"5,077,774.00"
7/9/2018,941,918,918,11028,NABIL,970,-0.62,"6,276,391.00"
7/10/2018,926,917,917,3949,NABIL,961,-0.1,"3,067,001.00"
7/11/2018,928,917,918,9218,NABIL,965,0.31,"4,724,931.00"
7/12/2018,922,911,912,5387,NABIL,960,0.1,"9,023,400.00"
7/15/2018,920,912,920,5465,NABIL,960,-0.52,"2,955,155.00"
7/16/2018,921,903,921,10813,NABIL,961,-1.14,"6,875,847.00"
7/17/2018,917,899,900,64608,NABIL,955,-0.53,"2,457,545.00"
7/18/2018,905,897,900,28537,NABIL,945,0,"3,714,697.00"
7/19/2018,905,898,900,36821,NABIL,945,-0.32,"4,797,575.00"
7/22/2018,900,897,900,6188,NABIL,940,0.21,"4,793,892.00"
7/23/2018,900,898,900,11306,NABIL,944,-1.8,"5,418,389.00"
7/24/2018,905,898,899,20936,NABIL,927,0.22,"3,103,085.00"
7/25/2018,900,897,897,7248,NABIL,931,0.11,"2,309,884.00"
7/26/2018,908,899,905,13263,NABIL,929,0,"4,083,177.00"
7/29/2018,919,909,910,5574,NABIL,931,0.11,"4,765,260.00"
7/30/2018,913,907,909,5174,NABIL,935,0.75,"1,805,120.00"
7/31/2018,910,905,905,5144,NABIL,940,1.6,"1,176,840.00"
8/1/2018,910,904,908,5960,NABIL,955,0,"183,830.00"
8/2/2018,909,904,906,5552,NABIL,951,-0.21,"1,836,366.00"
8/5/2018,907,900,905,6414,NABIL,955,0.95,"1,914,357.00"
8/6/2018,907,900,903,6662,NABIL,960,0.21,"3,062,958.00"
8/7/2018,919,904,904,2142,NABIL,963,-0.62,"1,003,004.00"
8/8/2018,910,903,904,2673,NABIL,956,-1.46,"2,375,880.00"
8/9/2018,922,904,909,3307,NABIL,939,-0.21,"2,696,421.00"
8/12/2018,910,894,900,6359,NABIL,940,0,"1,665,460.00"
8/13/2018,907,900,907,5383,NABIL,941,1.28,"2,290,367.00"
8/14/2018,907,900,907,6383,NABIL,940,-0.63,"1,486,688.00"
8/15/2018,940,913,935,17869,NABIL,947,-0.63,"1,973,599.00"
8/16/2018,966,930,957,17494,NABIL,939,-0.21,"2,564,837.00"
8/19/2018,965,954,959,11046,NABIL,938,0.85,"213,380.00"
8/20/2018,960,942,948,9155,NABIL,946,-3.7,"2,049,703.00"
8/21/2018,947,940,940,4925,NABIL,910,-0.77,"3,671,257.00"
8/22/2018,945,935,945,2174,NABIL,915,1.55,"765,772.00"
8/23/2018,945,941,945,4749,NABIL,919,0,"4,012,461.00"
8/26/2018,948,944,945,5990,NABIL,920,0.76,"7,014,926.00"
8/28/2018,950,943,949,6091,NABIL,930,-1.08,"2,861,006.00"
8/29/2018,949,945,947,3171,NABIL,915,0,"2,343,176.00"
8/30/2018,952,945,947,5231,NABIL,"1,130.00",0.8,"88,916,489.00"
9/2/2018,952,946,950,7021,NABIL,"1,150.00",-0.8,"123,939,445.00"
9/3/2018,970,955,964,7503,NABIL,"1,150.00",-0.36,"91,872,735.00"
9/4/2018,971,961,966,8115,NABIL,"1,116.00",-0.18,"136,104,553.00"
9/5/2018,974,965,970,10041,NABIL,"1,130.00",4.58,"334,434,597.00"
9/6/2018,984,963,965,16698,NABIL,"1,107.00",-0.43,"212,784,832.00"
9/9/2018,974,955,970,7541,NABIL,"1,160.00",1.38,"152,696,882.00"
9/10/2018,967,960,964,7438,NABIL,"1,180.00",3.15,"384,054,454.00"
9/11/2018,969,960,966,6852,NABIL,"1,230.00",0.66,"205,591,981.00"
9/12/2018,967,965,965,4296,NABIL,"1,230.00",8.19,"680,516,471.00"
9/11/2018,969,960,966,6852,NABIL,"1,330.00",3.33,"544,456,014.00"
9/12/2018,967,965,965,4296,NABIL,"1,433.00",1.9,"411,625,285.00"
9/13/2018,970,966,968,5373,NABIL,"1,400.00",-1.73,"260,218,114.00"
9/16/2018,974,968,969,9770,NABIL,"1,435.00",-0.88,"253,188,354.00"
9/16/2018,974,968,969,9770,NABIL,"1,360.00",-2.66,"242,645,153.00"
9/17/2018,970,965,968,1984,NABIL,"1,300.00",1.21,"373,558,967.00"
9/18/2018,970,966,968,5243,NABIL,"1,350.00",1.12,"193,023,822.00"
9/20/2018,970,960,962,6516,NABIL,"1,360.00",-2.07,"216,053,061.00"
9/23/2018,964,950,961,3193,NABIL,"1,322.00",-1.97,"229,458,666.00"
9/25/2018,965,960,965,5209,NABIL,"1,259.00",1.39,"133,958,190.00"
9/26/2018,969,960,966,9356,NABIL,"1,320.00",-3.04,"170,509,306.00"
9/27/2018,970,960,961,3070,NABIL,"1,258.00",-2.35,"190,673,338.00"
9/30/2018,961,950,950,7218,NABIL,"1,590.00",0,"4,562,607.00"
10/1/2018,956,934,945,2593,NABIL,"1,476.00",0,"4,111,579.00"
10/2/2018,950,940,945,3936,NABIL,,,
10/3/2018,945,932,942,5114,NABIL,,,
10/4/2018,958,916,944,5142,NABIL,,,
10/7/2018,944,927,927,5803,NABIL,,,
10/8/2018,944,927,929,3337,NABIL,,,
10/9/2018,939,927,930,2484,NABIL,,,
10/10/2018,932,927,930,4393,NABIL,,,
10/11/2018,937,929,931,5113,NABIL,,,
10/14/2018,939,935,938,1925,NABIL,,,
10/15/2018,956,940,953,1245,NABIL,,,
10/21/2018,955,950,953,193,NABIL,,,
10/22/2018,959,950,951,1928,NABIL,,,
10/23/2018,960,950,960,2006,NABIL,,,
10/24/2018,970,956,962,3191,NABIL,,,
10/25/2018,963,956,956,1044,NABIL,,,
10/28/2018,956,939,942,2511,NABIL,,,
10/29/2018,945,939,940,2862,NABIL,,,
10/30/2018,945,940,940,1768,NABIL,,,
10/31/2018,952,940,952,2427,NABIL,,,
11/1/2018,949,940,946,1572,NABIL,,,
11/4/2018,947,938,940,2099,NABIL,,,
11/5/2018,940,935,938,2736,NABIL,,,
11/6/2018,900,900,946,230,NABIL,,,
11/11/2018,946,897,911,2235,NABIL,,,
11/12/2018,911,897,905,4075,NABIL,,,
11/13/2018,921,905,919,833,NABIL,,,
11/14/2018,920,915,919,4373,NABIL,,,
11/15/2018,940,919,927,7548,NABIL,,,
11/18/2018,930,916,917,3113,NABIL,,,
11/19/2018,918,908,917,2568,NABIL,,,
11/20/2018,918,902,902,760,NABIL,,,
11/21/2018,906,890,906,3991,NABIL,,,
11/22/2018,915,900,900.34,4595,NABIL,,,
11/25/2018,904,898,898.76,3792,NABIL,,,
11/26/2018,898.76,888,888.58,5967,NABIL,,,
11/27/2018,899,885,889,4029,NABIL,,,
11/28/2018,900,888,889,5451,NABIL,,,
11/29/2018,890,882,882.14,3294,NABIL,,,
12/2/2018,882.14,865,865,4594,NABIL,,,
12/3/2018,875,862,863,3135,NABIL,,,
12/4/2018,863,841,860,13920,NABIL,,,
12/5/2018,860,849,851,7992,NABIL,,,
12/6/2018,851,830,850,6099,NABIL,,,
12/9/2018,856,850,852,4171,NABIL,,,
12/10/2018,860,850,853,8181,NABIL,,,
12/11/2018,860,844,855,3869,NABIL,,,
12/12/2018,860,845,851,3175,NABIL,,,
12/13/2018,855,847,847,4879,NABIL,,,
12/16/2018,859,847,853,9410,NABIL,,,
12/17/2018,869,850,862,2512,NABIL,,,
12/18/2018,862,856,858,5028,NABIL,,,
12/19/2018,860,850,850,7082,NABIL,,,
12/20/2018,860,845,851,3393,NABIL,,,
12/23/2018,870,851,870,8974,NABIL,,,
12/24/2018,876,865,868,5253,NABIL,,,
12/25/2018,870,855,862,1588,NABIL,,,
12/26/2018,870,860,864,7037,NABIL,,,
12/27/2018,880,864,865,6193,NABIL,,,
12/30/2018,877,865,866,4130,NABIL,,,
12/31/2018,879,860,860,7285,NABIL,,,
1/1/2019,863,851,851,5002,NABIL,,,
1/2/2019,859,850,850,5122,NABIL,,,
1/3/2019,855,841,841,9928,NABIL,,,
1/6/2019,848,835,837,7310,NABIL,,,
1/7/2019,840,835,835,4589,NABIL,,,
1/8/2019,839,835,837,3971,NABIL,,,
1/9/2019,840,834,834,4380,NABIL,,,
1/10/2019,848,834,835,5480,NABIL,,,
1/13/2019,851,835,838,3132,NABIL,,,
1/14/2019,844,830,836,4045,NABIL,,,
1/15/2019,842,834,842,2708,NABIL,,,
1/16/2019,858,841,845,2960,NABIL,,,
1/17/2019,845,836,844,2128,NABIL,,,
1/20/2019,850,844,850,3123,NABIL,,,
1/21/2019,848,836,843,3420,NABIL,,,
1/22/2019,845,841,842,1670,NABIL,,,
1/23/2019,850,838,838,4189,NABIL,,,
1/24/2019,843,838,840,2567,NABIL,,,
1/27/2019,841,832,838,3910,NABIL,,,
1/28/2019,838,832,834,2227,NABIL,,,
1/29/2019,835,830,830,6286,NABIL,,,
1/30/2019,841,830,837,3605,NABIL,,,
1/31/2019,844,837,841,4408,NABIL,,,
2/3/2019,845,840,841,4165,NABIL,,,
2/4/2019,841,825,829,5154,NABIL,,,
2/10/2019,831,820,824,2399,NABIL,,,
2/11/2019,830,823,825,3879,NABIL,,,
2/12/2019,830,825,825,2448,NABIL,,,
2/13/2019,830,818,822,3151,NABIL,,,
2/14/2019,825,818,818,2494,NABIL,,,
2/17/2019,829,807,807,6470,NABIL,,,
2/18/2019,815,778,783,29718,NABIL,,,
2/19/2019,795,776,793,7663,NABIL,,,
2/20/2019,793,780,789,9080,NABIL,,,
2/21/2019,803,789,803,17561,NABIL,,,
2/24/2019,810,792,795,15486,NABIL,,,
2/25/2019,799,789,794,31622,NABIL,,,
2/26/2019,708.93,678,687,9887,NABIL,,,
2/27/2019,689,681,687,4794,NABIL,,,
3/3/2019,691,680,682,8715,NABIL,,,
3/5/2019,690,681,683,6279,NABIL,,,
3/6/2019,688,680,686,10200,NABIL,,,
3/7/2019,690,685,688,7555,NABIL,,,
3/10/2019,691,686,691,1992,NABIL,,,
3/11/2019,700,691,696,16082,NABIL,,,
3/12/2019,720,696,720,12884,NABIL,,,
3/13/2019,731,715,715,11803,NABIL,,,
3/14/2019,720,708,715,3812,NABIL,,,
3/17/2019,730,715,722,9881,NABIL,,,
3/18/2019,730,722,722,9174,NABIL,,,
3/19/2019,724,718,723,1020,NABIL,,,
3/21/2019,722,708,710,8927,NABIL,,,
3/24/2019,721,709,712,5859,NABIL,,,
3/25/2019,716,709,712,7028,NABIL,,,
3/26/2019,712,706,712,3898,NABIL,,,
3/27/2019,715,709,709,9163,NABIL,,,
3/28/2019,719,708,714,5004,NABIL,,,
3/31/2019,717,707,712,7019,NABIL,,,
4/1/2019,714,709,712,11973,NABIL,,,
4/2/2019,718,710,717,15403,NABIL,,,
4/3/2019,731,712,724,14196,NABIL,,,
4/4/2019,728,718,727,8188,NABIL,,,
4/7/2019,732,721,732,23725,NABIL,,,
4/8/2019,755,730,740,23599,NABIL,,,
4/9/2019,750,740,743,12325,NABIL,,,
4/10/2019,749,735,740,8232,NABIL,,,
4/11/2019,743,736,736,7882,NABIL,,,
4/15/2019,746,736,746,3377,NABIL,,,
4/16/2019,773,747,766,6057,NABIL,,,
4/17/2019,780,766,773,11183,NABIL,,,
4/18/2019,810,785,810,15287,NABIL,,,
4/21/2019,867,815,866,28899,NABIL,,,
4/22/2019,900,868,880,29675,NABIL,,,
4/23/2019,890,859,881,15000,NABIL,,,
4/24/2019,894,864,878,6811,NABIL,,,
4/25/2019,895,877,880,9441,NABIL,,,
4/28/2019,891,873,873,9506,NABIL,,,
4/29/2019,880,866,868,8403,NABIL,,,
4/30/2019,871,851,856,7584,NABIL,,,
5/2/2019,855,845,847,6201,NABIL,,,
5/5/2019,844,830,835,9479,NABIL,,,
5/6/2019,855,834,851,8355,NABIL,,,
5/7/2019,869,850,850,8243,NABIL,,,
5/8/2019,855,840,846,7578,NABIL,,,
5/9/2019,862,838,841,2950,NABIL,,,
5/12/2019,845,831,841,3539,NABIL,,,
5/13/2019,855,841,844,2652,NABIL,,,
5/14/2019,850,837,848,3614,NABIL,,,
5/15/2019,860,844,851,5163,NABIL,,,
5/16/2019,858,845,845,6365,NABIL,,,
5/19/2019,855,831,843,6356,NABIL,,,
5/20/2019,849,830,830,5507,NABIL,,,
5/21/2019,840,827,840,4169,NABIL,,,
5/22/2019,856,835,841,1981,NABIL,,,
5/23/2019,845,835,841,5508,NABIL,,,
5/26/2019,857,835,840,5463,NABIL,,,
5/27/2019,840,835,840,2539,NABIL,,,
5/28/2019,844,830,836,2822,NABIL,,,
5/29/2019,840,837,840,3151,NABIL,,,
5/30/2019,882,847,847,9146,NABIL,,,
6/2/2019,848,832,834,6077,NABIL,,,
6/3/2019,835,830,833,2874,NABIL,,,
6/4/2019,843,829,829,3935,NABIL,,,
6/6/2019,832,826,828,4877,NABIL,,,
6/10/2019,842,820,826,4518,NABIL,,,
6/11/2019,826,820,822,8030,NABIL,,,
6/12/2019,823,815,820,8943,NABIL,,,
6/13/2019,834,818,827,9849,NABIL,,,
6/16/2019,822,813,814,13511,NABIL,,,
6/17/2019,816,807,816,10347,NABIL,,,
6/18/2019,816,806,814,8230,NABIL,,,
6/19/2019,829,803,814,3158,NABIL,,,
6/20/2019,814,805,812,4301,NABIL,,,
6/23/2019,820,804,805,5595,NABIL,,,
6/24/2019,808,802,808,3446,NABIL,,,
6/25/2019,810,800,810,4883,NABIL,,,
6/26/2019,810,802,804,7826,NABIL,,,
6/27/2019,815,799,800,12955,NABIL,,,
6/30/2019,806,785,785,28406,NABIL,,,
7/1/2019,785,780,785,8539,NABIL,,,
7/2/2019,785,775,784,9500,NABIL,,,
7/3/2019,799,775,795,7949,NABIL,,,
7/4/2019,800,795,798,10401,NABIL,,,
7/7/2019,805,790,790,6481,NABIL,,,
7/8/2019,790,785,787,4253,NABIL,,,
7/9/2019,806,786,806,11678,NABIL,,,
7/10/2019,815,801,811,9931,NABIL,,,
7/11/2019,824,813,823,8966,NABIL,,,
7/14/2019,827,820,825,3781,NABIL,,,
7/15/2019,833,799,799,30861,NABIL,,,
7/16/2019,838,792,800,25920,NABIL,,,
7/17/2019,814,800,813,17512,NABIL,,,
7/18/2019,820,808,812,15304,NABIL,,,
7/21/2019,810,800,801,19195,NABIL,,,
7/22/2019,819,803,805,19698,NABIL,,,
7/23/2019,810,802,808,13387,NABIL,,,
7/24/2019,815,805,812,17884,NABIL,,,
7/25/2019,811,800,805,11336,NABIL,,,
7/28/2019,808,796,797,17431,NABIL,,,
7/29/2019,805,798,803,10970,NABIL,,,
7/30/2019,805,800,801,10926,NABIL,,,
7/31/2019,805,800,800,9199,NABIL,,,
8/1/2019,805,800,801,11281,NABIL,,,
8/4/2019,803,796,799,11095,NABIL,,,
8/5/2019,800,795,800,9946,NABIL,,,
8/6/2019,795,789,790,13321,NABIL,,,
8/7/2019,795,784,790,9174,NABIL,,,
8/8/2019,796,787,790,10432,NABIL,,,
8/11/2019,788,781,784,9920,NABIL,,,
8/12/2019,788,782,783,5650,NABIL,,,
8/13/2019,785,781,782,6190,NABIL,,,
8/14/2019,784,775,779,11640,NABIL,,,
8/15/2019,785,780,784,13055,NABIL,,,
8/18/2019,790,779,779,12387,NABIL,,,
8/19/2019,784,776,778,10297,NABIL,,,
8/20/2019,782,777,778,12518,NABIL,,,
8/21/2019,779,775,778,13659,NABIL,,,
8/22/2019,781,777,777,7473,NABIL,,,
8/25/2019,780,771,776,7386,NABIL,,,
8/26/2019,776,760,775,23330,NABIL,,,
8/27/2019,780,771,778,5949,NABIL,,,
8/28/2019,790,770,770,4274,NABIL,,,
8/29/2019,775,768,770,9213,NABIL,,,
9/1/2019,772,767,769,9261,NABIL,,,
9/2/2019,769,756,758,6969,NABIL,,,
9/3/2019,775,750,774,8894,NABIL,,,
9/4/2019,781,770,777,15241,NABIL,,,
9/5/2019,792,777,780,8861,NABIL,,,
9/8/2019,781,775,776,9562,NABIL,,,
9/9/2019,778,770,776,4931,NABIL,,,
9/10/2019,775,767,769,7569,NABIL,,,
9/10/2019,775,767,769,7569,NABIL,,,
9/11/2019,772,765,772,4673,NABIL,,,
9/12/2019,771,765,770,10514,NABIL,,,
9/15/2019,775,759,759,6359,NABIL,,,
9/16/2019,756,742,742,10591,NABIL,,,
9/17/2019,766,745,750,10137,NABIL,,,
9/18/2019,780,762,775,7924,NABIL,,,
9/19/2019,784,770,770,13287,NABIL,,,
9/22/2019,770,762,765,7591,NABIL,,,
9/23/2019,768,760,760,6194,NABIL,,,
9/24/2019,760,757,760,7998,NABIL,,,
9/25/2019,765,759,759,3910,NABIL,,,
9/26/2019,762,755,759,3989,NABIL,,,
9/29/2019,760,751,752,3598,NABIL,,,
9/30/2019,760,754,760,4706,NABIL,,,
10/1/2019,777,761,772,2719,NABIL,,,
10/2/2019,780,770,772,4486,NABIL,,,
10/3/2019,778,769,769,5226,NABIL,,,
10/10/2019,773,765,770,728,NABIL,,,
10/14/2019,770,757,765,16518,NABIL,,,
10/15/2019,765,760,763,4973,NABIL,,,
10/16/2019,768,754,762,4902,NABIL,,,
10/17/2019,765,759,760,8157,NABIL,,,
10/20/2019,766,756,757,4145,NABIL,,,
10/21/2019,764,755,758,6056,NABIL,,,
10/22/2019,762,754,756,17493,NABIL,,,
10/23/2019,765,756,762,3122,NABIL,,,
10/24/2019,768,755,768,8808,NABIL,,,
10/31/2019,768,753,761,6352,NABIL,,,
11/3/2019,760,752,760,8041,NABIL,,,
11/4/2019,780,762,768,25965,NABIL,,,
11/5/2019,777,763,770,16182,NABIL,,,
11/6/2019,774,765,768,13493,NABIL,,,
11/7/2019,772,755,755,23312,NABIL,,,
11/10/2019,763,753,755,10153,NABIL,,,
11/11/2019,765,750,753,15505,NABIL,,,
11/12/2019,765,749,750,21447,NABIL,,,
11/13/2019,755,750,750,6681,NABIL,,,
11/14/2019,754,749,749,3797,NABIL,,,
11/17/2019,755,745,755,7383,NABIL,,,
11/18/2019,756,750,755,23592,NABIL,,,
11/19/2019,755,750,753,18207,NABIL,,,
11/20/2019,760,750,750,29088,NABIL,,,
11/21/2019,750,739,740,7681,NABIL,,,
11/24/2019,742,730,730,12391,NABIL,,,
11/25/2019,732,727,727,10567,NABIL,,,
11/26/2019,735,725,730,8682,NABIL,,,
11/27/2019,735,729,732,18463,NABIL,,,
11/28/2019,733,724,725,15634,NABIL,,,
12/1/2019,730,723,723,24232,NABIL,,,
12/2/2019,726,723,725,6572,NABIL,,,
12/3/2019,730,725,725,9589,NABIL,,,
12/4/2019,729,725,725,9772,NABIL,,,
12/5/2019,737,728,730,13130,NABIL,,,
12/8/2019,739,725,729,11013,NABIL,,,
12/9/2019,749,730,736,5466,NABIL,,,
12/10/2019,745,736,743,4466,NABIL,,,
12/11/2019,750,743,747,8847,NABIL,,,
12/12/2019,751,744,749,16206,NABIL,,,
12/15/2019,755,744,744,16928,NABIL,,,
12/16/2019,750,737,737,11742,NABIL,,,
12/17/2019,747,739,743,9416,NABIL,,,
12/18/2019,750,742,748,15298,NABIL,,,
12/19/2019,755,749,753,15015,NABIL,,,
12/22/2019,760,750,756,34362,NABIL,,,
12/23/2019,762,750,750,66023,NABIL,,,
12/24/2019,670,660,667,22863,NABIL,,,
12/25/2019,669,665,669,12220,NABIL,,,
12/26/2019,677,665,676,14538,NABIL,,,
12/29/2019,679,673,674,14830,NABIL,,,
12/30/2019,687,673,675,17063,NABIL,,,
12/31/2019,682,676,681,15116,NABIL,,,
1/1/2020,690,680,690,10882,NABIL,,,
1/2/2020,690,684,685,20018,NABIL,,,
1/5/2020,699,690,697,17152,NABIL,,,
1/6/2020,715,700,713,23487,NABIL,,,
1/7/2020,734,719,722,24397,NABIL,,,
1/8/2020,725,715,721,17879,NABIL,,,
1/9/2020,723,711,716,9624,NABIL,,,
1/12/2020,728,720,726,30359,NABIL,,,
1/13/2020,749,726,730,40571,NABIL,,,
1/14/2020,735,716,730,12535,NABIL,,,
1/15/2020,743,733,740,11175,NABIL,,,
1/16/2020,759,740,751,26914,NABIL,,,
1/19/2020,766,757,764,22863,NABIL,,,
1/20/2020,780,755,761,25615,NABIL,,,
1/21/2020,767,749,755,18428,NABIL,,,
1/22/2020,756,745,745,12755,NABIL,,,
1/23/2020,745,722,727,19663,NABIL,,,
1/26/2020,727,709,712,20914,NABIL,,,
1/27/2020,729,706,720,17628,NABIL,,,
1/28/2020,735,725,725,15203,NABIL,,,
1/29/2020,732,721,724,10541,NABIL,,,
1/30/2020,737,724,736,14728,NABIL,,,
2/2/2020,754,740,752,37634,NABIL,,,
2/3/2020,758,733,738,33172,NABIL,,,
2/4/2020,744,732,739,27241,NABIL,,,
2/5/2020,739,734,734,20827,NABIL,,,
2/6/2020,740,726,726,15362,NABIL,,,
2/9/2020,732,720,721,18422,NABIL,,,
2/10/2020,727,716,720,23380,NABIL,,,
2/11/2020,730,715,723,27491,NABIL,,,
2/12/2020,729,721,722,11735,NABIL,,,
2/13/2020,727,721,723,16258,NABIL,,,
2/16/2020,726,719,724,17985,NABIL,,,
2/17/2020,757,728,750,51893,NABIL,,,
2/18/2020,765,744,753,47604,NABIL,,,
2/19/2020,753,746,751,23379,NABIL,,,
2/20/2020,755,746,755,21585,NABIL,,,
2/23/2020,804,758,790,65129,NABIL,,,
2/24/2020,821,791,800,93540,NABIL,,,
2/25/2020,814,779,814,37640,NABIL,,,
2/26/2020,875,828,870,83212,NABIL,,,
2/27/2020,955,845,955,167082,NABIL,,,
3/1/2020,1000,936,940,163043,NABIL,,,
3/2/2020,939,850,850,68203,NABIL,,,
3/3/2020,910,815,888,150206,NABIL,,,
3/4/2020,888,838,847,107177,NABIL,,,
3/5/2020,852,813,840,78904,NABIL,,,
3/10/2020,824,776,776,60824,NABIL,,,
3/11/2020,822,766,815,83501,NABIL,,,
3/12/2020,831,784,790,65403,NABIL,,,
3/15/2020,787,748,750,70304,NABIL,,,
3/16/2020,764,723,750,55501,NABIL,,,
3/17/2020,765,721,731,46620,NABIL,,,
3/18/2020,739,700,715,43913,NABIL,,,
3/19/2020,740,690,730,55806,NABIL,,,
3/22/2020,744,700,701,15101,NABIL,,,
5/12/2020,687,680,680,2295,NABIL,,,
5/13/2020,667,660,660,435,NABIL,,,
6/29/2020,680,594,660,40720,NABIL,,,
6/30/2020,726,670,725,8769,NABIL,,,
7/1/2020,770,725,770,15536,NABIL,,,
7/2/2020,785,702,720,21024,NABIL,,,
7/5/2020,734,699,729,59244,NABIL,,,
7/6/2020,740,715,737,32963,NABIL,,,
7/7/2020,751,740,744,41752,NABIL,,,
7/8/2020,756,730,741,30143,NABIL,,,
7/9/2020,749,725,742,30119,NABIL,,,
7/12/2020,770,746,747,27529,NABIL,,,
7/13/2020,769,741,742,28339,NABIL,,,
7/14/2020,760,742,745,29973,NABIL,,,
7/15/2020,765,744,765,43439,NABIL,,,
7/16/2020,790,774,790,38787,NABIL,,,
7/19/2020,869,805,869,711,NABIL,,,
7/20/2020,955,816,879,118430,NABIL,,,
7/21/2020,886,857,865,69536,NABIL,,,
7/22/2020,875,846,846,51597,NABIL,,,
7/23/2020,854,831,850,55386,NABIL,,,
7/26/2020,870,853,861,58534,NABIL,,,
7/27/2020,882,860,860,104636,NABIL,,,
7/28/2020,872,854,854,51916,NABIL,,,
7/29/2020,855,840,845,45527,NABIL,,,
7/30/2020,854,840,851,41463,NABIL,,,
8/2/2020,850,820,820,63388,NABIL,,,
8/3/2020,828,808,824,42609,NABIL,,,
8/5/2020,824,810,819,49182,NABIL,,,
8/6/2020,859,801,814,21551,NABIL,,,
8/9/2020,815,800,813,36927,NABIL,,,
8/10/2020,840,810,832,47830,NABIL,,,
8/11/2020,847,825,830,29776,NABIL,,,
8/12/2020,844,821,836,23975,NABIL,,,
8/13/2020,877,820,825,36200,NABIL,,,
8/16/2020,835,810,822,29088,NABIL,,,
8/17/2020,824,815,822,16623,NABIL,,,
8/18/2020,840,824,830,20561,NABIL,,,
8/19/2020,825,814,822,17216,NABIL,,,
8/20/2020,822,812,817,10175,NABIL,,,
8/23/2020,824,814,824,14020,NABIL,,,
8/24/2020,835,825,830,22795,NABIL,,,
8/25/2020,840,823,830,23396,NABIL,,,
8/26/2020,850,830,841,44021,NABIL,,,
8/27/2020,855,841,845,23000,NABIL,,,
8/30/2020,850,835,839,11698,NABIL,,,
8/31/2020,846,832,839,49117,NABIL,,,
9/2/2020,866,839,858,68044,NABIL,,,
9/3/2020,864,849,860,54696,NABIL,,,
9/6/2020,903,854,855,56147,NABIL,,,
9/7/2020,863,842,849,19865,NABIL,,,
9/8/2020,858,840,846,21968,NABIL,,,
9/9/2020,846,839,844,36262,NABIL,,,
9/10/2020,868,844,845,26842,NABIL,,,
9/13/2020,855,845,849,32164,NABIL,,,
9/14/2020,870,852,856,33179,NABIL,,,
9/15/2020,864,853,856,31304,NABIL,,,
9/16/2020,858,850,853,15690,NABIL,,,
9/17/2020,865,851,859,33660,NABIL,,,
9/20/2020,895,870,880,72747,NABIL,,,
9/21/2020,892,876,883,61628,NABIL,,,
9/22/2020,890,870,871,51572,NABIL,,,
9/23/2020,877,866,874,30912,NABIL,,,
9/24/2020,877,866,875,23476,NABIL,,,
9/27/2020,883,870,874,23447,NABIL,,,
9/28/2020,885,868,871,17676,NABIL,,,
9/29/2020,875,862,864,20446,NABIL,,,
9/30/2020,875,857,859,22250,NABIL,,,
10/1/2020,869,860,867,30640,NABIL,,,
10/4/2020,895,875,880,52843,NABIL,,,
10/5/2020,889,872,876,22147,NABIL,,,
10/6/2020,885,872,877,18761,NABIL,,,
10/7/2020,882,868,872,26029,NABIL,,,
10/8/2020,882,866,869,27048,NABIL,,,
10/11/2020,870,864,866,24647,NABIL,,,
10/12/2020,865,860,864,19390,NABIL,,,
10/13/2020,865,861,864,15218,NABIL,,,
10/14/2020,865,859,860,29183,NABIL,,,
10/15/2020,872,817,860,25564,NABIL,,,
10/18/2020,874,859,859,18801,NABIL,,,
10/19/2020,868,860,863,11314,NABIL,,,
10/20/2020,872,862,868,11628,NABIL,,,
10/21/2020,884,870,880,30592,NABIL,,,
10/22/2020,893,880,885,46895,NABIL,,,
10/28/2020,903,892,903,59283,NABIL,,,
10/29/2020,948,898,902,51398,NABIL,,,
11/1/2020,902,890,894,40311,NABIL,,,
11/2/2020,897,884,886,29989,NABIL,,,
11/3/2020,897,884,888,15950,NABIL,,,
11/4/2020,890,884,888,20507,NABIL,,,
11/5/2020,890,875,880,34927,NABIL,,,
11/8/2020,880,864,870,72463,NABIL,,,
11/9/2020,872,858,862,90972,NABIL,,,
11/10/2020,890,865,879,29034,NABIL,,,
11/11/2020,896,872,883,41751,NABIL,,,
11/12/2020,891,883,887,36591,NABIL,,,
11/18/2020,905,888,901,61321,NABIL,,,
11/19/2020,953,900,905,94311,NABIL,,,
11/22/2020,985,920,965,229261,NABIL,,,
11/23/2020,994,969,978,75761,NABIL,,,
11/24/2020,1000,960,972,58491,NABIL,,,
11/25/2020,1029,972,1038,295613,NABIL,,,
11/26/2020,1141,1050,1130,343732,NABIL,,,
11/29/2020,1200,1141,1185,283683,NABIL,,,
11/30/2020,1244,1150,1159,196359,NABIL,,,
12/1/2020,1165,1115,1119,177245,NABIL,,,
12/2/2020,1147,1096,1125,205216,NABIL,,,
12/3/2020,1196,1106,1140,159437,NABIL,,,
12/6/2020,1145,1078,1078,161986,NABIL,,,
12/7/2020,1147,1057,1118,164879,NABIL,,,
12/8/2020,1162,1115,1124,113824,NABIL,,,
12/9/2020,1135,1095,1101,77270,NABIL,,,
12/10/2020,1127,1094,1120,86977,NABIL,,,
12/13/2020,1165,1064,1159,110589,NABIL,,,
12/14/2020,1248,1160,1227,273113,NABIL,,,
12/15/2020,1293,1202,1240,161533,NABIL,,,
12/16/2020,1254,1200,1248,149009,NABIL,,,
12/20/2020,1246,1175,1207,323547,NABIL,,,
12/21/2020,1236,1160,1231,263971,NABIL,,,
12/22/2020,1354,1292,1354,48213,NABIL,,,
12/23/2020,1489,1400,1489,187508,NABIL,,,
12/24/2020,1550,1403,1425,425873,NABIL,,,
12/27/2020,1450,1381,1384,290409,NABIL,,,
12/28/2020,1395,1360,1379,176237,NABIL,,,
12/29/2020,1400,1380,1386,381895,NABIL,,,
12/30/2020,1108,1048,1101,240703,NABIL,,,
12/31/2020,1130,1100,1100,126022,NABIL,,,
1/3/2021,1130,1080,1125,152668,NABIL,,,
1/4/2021,1136,1102,1111,91228,NABIL,,,
1/5/2021,1118,1095,1097,90991,NABIL,,,
1/6/2021,1104,1086,1096,76530,NABIL,,,
1/7/2021,1112,1042,1091,77627,NABIL,,,
1/10/2021,1134,1095,1126,182457,NABIL,,,
1/11/2021,1182,1120,1125,67113,NABIL,,,
1/12/2021,1150,1081,1140,78962,NABIL,,,
1/13/2021,1147,1130,1132,48737,NABIL,,,
1/17/2021,1140,1117,1128,54196,NABIL,,,
1/18/2021,1180,1115,1128,79293,NABIL,,,
1/19/2021,1180,1112,1117,65561,NABIL,,,
1/20/2021,1172,1100,1103,85123,NABIL,,,
1/21/2021,1110,1095,1109,108401,NABIL,,,
1/24/2021,1139,1109,1115,128981,NABIL,,,
1/25/2021,1205,1110,1176,287254,NABIL,,,
1/26/2021,1194,1165,1168,133717,NABIL,,,
1/27/2021,1186,1126,1182,97355,NABIL,,,
1/28/2021,1182,1129,1145,143020,NABIL,,,
1/31/2021,1145,1088,1110,114576,NABIL,,,
2/1/2021,1151,1065,1120,60104,NABIL,,,
2/2/2021,1140,1120,1129,79207,NABIL,,,
2/3/2021,1160,1110,1120,110383,NABIL,,,
2/4/2021,1150,1111,1116,82322,NABIL,,,
2/7/2021,1125,1111,1114,121996,NABIL,,,
2/8/2021,1180,1115,1165,292168,NABIL,,,
2/9/2021,1197,1107,1160,181209,NABIL,,,
2/10/2021,1189,1152,1176,130150,NABIL,,,
2/11/2021,1250,1170,1213,317291,NABIL,,,
2/14/2021,1242,1200,1221,168891,NABIL,,,
2/15/2021,1328,1230,1321,524258,NABIL,,,
2/16/2021,1386,1324,1365,399457,NABIL,,,
2/17/2021,1433,1350,1391,295552,NABIL,,,
2/18/2021,1405,1358,1367,188406,NABIL,,,
2/21/2021,1435,1335,1355,186705,NABIL,,,
2/22/2021,1360,1319,1319,182067,NABIL,,,
2/23/2021,1344,1286,1335,285817,NABIL,,,
2/24/2021,1375,1330,1350,143200,NABIL,,,
2/25/2021,1377,1314,1322,163157,NABIL,,,
2/28/2021,1325,1287,1296,176137,NABIL,,,
3/1/2021,1315,1259,1314,102909,NABIL,,,
3/2/2021,1323,1250,1296,133848,NABIL,,,
3/3/2021,1270,1226,1244,152652,NABIL,,,
